,document,score,label
0,"개인적으로 오랜만에 잘 만들어진  한국영화를 본 기분이 들어서 좋았습니다.  가장 돋보이는 건 액션씬이였고,  그 외에 훌륭한 배우들의 연기랑 제작진의 연출 그리고 해외 로케이션으로 모로코에서 촬영했기 때문에 CG로도 표현할 수 없다고 생각이 들었습니다.  하지만, 유일하게 아쉬웠던 점이  스토리에서 아쉬운 전개랑 생략된 장면이 있는 것 같아서 추후에 감독판이나 미개봉편으로도 더 보고 싶어지더라고요...  그 외에 상황에 맞는 ost도 훌륭했습니다.  오늘 긴장감있게 몰입하면서 영화를 시청했어요ㅎㅎㅎ",9,1
1,어제 밤에 극장에서 보면서 다른 걸 떠나서 다시 한번 '이게 가능해?'라는 생각이 들었습니다. 이게 감독의 역량이구나 라는 생각말이죠.. 그만큼 스케일이 크다는 것이죠. 물론 내용도 볼만 하구요. 한번 꼭 보시기 바랍니다. 당시 상황을 너무나 실감나게 잘 재현했다고 생각됩니다. 대부분의 사람들에게 제작비 10배 주면서 똑같이 만들어 보라고 하면 절대 못할 것 같습니다. 배우들의 연기도 훌륭하지만 무엇보다도 류승완 감독님의 역량에 찬사보내 드립니다.,10,1
2,딱히 좋아하는 배우는 안나오지만 류감독님 영화라 믿고 봤어요 보고나서 김윤석 배우님 허준호 배우님 반했음 ㅎ 허준호 배우님은 진짜 당뇨환자처럼 보였어요 이제 좀 찌세요 화면으로도 전해오는 아프리카의 열기를 담기까지 얼마나 노력했을지 음악도 넘 좋아서 놀랬네요 음악감독 누구신지 선곡 장난아님 한국배우만 아니었으면 한국영화인줄 모르겠어요 갠적으로 신파빼고 탈출에만 집중한 스토리라 더 좋았어요 군함도는 진짜...  이렇게 잘 하시면서...  최근 본 캐시트럭 크루엘라 블랙위도우 모두 제치고 전 모가디슈가 원톱이에요 시기만 좋았으면 천만 들것 같은데 좋은 결과 있길 바랍니다 한국영화 엄청 발전했네요 모가디슈가 한 획을 그을듯,10,1
3,"오늘 아이맥스에서 봤습니다. 정말 마지막 장면에 와이프하고 같이 울컥했습니다.  1990년에 학창시절을 보낸 분들은 남과 북의 관계에 대해 잘 알고 계실거라고 생각하며, 많은 것을 생각하게 만든 영화입니다. 액션도 헐리우드 영화에 뒤지지 않을 정도네요. 어렵고 힘든  시기에 좋은 시간을 가져서 행복합니다.",10,1
4,오늘 조조로 보고 왔는데 영화 잘 만들었어오. 시종일관 긴장감을 잘 이끌어가고  마지막은 과장되지 않게 뭉클합니다. 류승완 감독다운 영화입니다. 코로나로 흥행이 아쉬울뿐이네요. 평소였으면 천만은 거뜬하게 넘었을 영화입니다.,10,1
5,"코로나19 터지고 극장관람 첨입니다ㅠㅠ 류승완 감독님 넘 반갑고 감윤석, 조인성, 허진호 배우님 등 모든 배우님 연기 완전 좋았습니다! 군데기없는 시나리오, 연출, 연기 3박자 멋졌습니다!! 코로나19 4단계 최악의 상황이지만 모가디슈처럼 끝내 이겨냈으면 합니다. 어렵지만 많이 관람하시길 추천드립니다^^",10,1
6,실화 소재는 뭘 더하고 뭘 뺐는지 실제 사건과 얼마나  일치하고 얼마나 다른지는 잘 알수 없다.  모가디슈는 현재까지 이어지는 소말리아의 내전상황과 우리 분단의 현실을 관통하는  동질감에서 오는 섬뜩함 속에서 오히려  절제하며 말없이 위로하는듯한 느낌을 준다.,10,1
7,마지막탈출씬 정말압권이었읍니다 돈마니 들었겠다 생각했었는데  200억대작이라깜짝놀랐네요 조인성 김윤석배우님  좋아요~!!^^,10,1
8,그렇게 재밌는것도 아니고 재미없는것도 아니고  유튜버 라이너의 평이 좋아 기대가 컸는지   좀 심심하게 봤습니다  신파가 없는건 좋은데  담담하게 그려서인지  스릴 박진감 감동 없고 맹물같은 영화,6,1
9,굳이 각색하면서 발암적 요소는 왜 넣었는지... 비슷한 영화로 호텔르완다란 영화가 있는데 훨씬 재미나고 괜찮은 영화임.,5,0
10,"아,, 조인성 욕하는건 아니지만   연기는 내 기준엔 안습인데",6,1
11,미리 광고자들이 별점 후하게 줘서 밸런스를 위함 평점.,1,0
12,베를린.모가디슈 이제 도시 시리즈냐?,4,0
13,기대가 너무 컷나....,4,0
14,조인성과 류승완 조합이면 일단 99점 먹고 들어가는거죠ㅎㅎ 그리고 김윤석까지ㅎㅎ 아.. 하루라도 빨리 보고 싶어요ㅠ.ㅠ,10,1
15,재밌네요..몰랐던 역사적 사실도 알게 되구요!!,9,1
16,뜬금없고 재미없는 유머와 뻔한 긴장과 갈등 구조 구축으로 늘어지는 전반부... 엉성한 설정과 막가파 총격과 추격전의 개연성 상실로 헛웃음나는 후반부.. 얼렁뚱땅 병은 진정 고질병인가...,1,0
17,뭐? 탈출신은 아르곤이 생각나고 자량주격신은 매드맥스가 생각난다고? 에라이,1,0
18,조인성병맛연기는목소리가원인인듯 김윤석몰입연기도목소리와표정의일체인듯 감독이공을많이들인영화인데조인성이 말아드심  전에사극보고 기절하는줄 딱 더킹까지만.. 얼굴아까워도배우는아님,6,1
19,진부하다,1,0
20,고생은 하셨겠네...근데 강한 한방은 없네,6,1
21,장르적 만족감을 높이자는 감독의 의도는 알겠으나…  소말리아 내전을 다루는 방식도 소말리아인을 그리는 방식도. 긴장감과 불안감을 고조시키기 위해 아이들을 볼모로 잡고 여성 인물들의 쓰임이 구색맞추기 에 지나지 않는 것도 다 별로. 더욱이 영화에 내재된 감독의 시선은 식민자의시선에 교묘하게 편승하여 소말리아 내전이라는 역사적 사건을 납작하게 짓뭉게 버리는데. 군함도 논란에서 그는 정녕 아무 것도 배우지 못한 것 같다.  무엇보다 제집도 엉망인 주제에 남의집 난리통만 내려다 보면서 우리집은 그래도 저정도는 아니라며 위안삼고 싶지는 않더라.,6,1
22,육중한 배우들이 총알 사이로 막 가서 살아남는 현실감 넘치는 영화,1,0
23,재난탈출 영화인데 뻔한 스토리라 별기대안됨. 결국 탈출했잖어?,4,0
24,"내용은 진짜 별거 없다.   난잡한 상황을 표현하는데, 돈은 많이 들었을것 같다.   주제는 흔하디 흔한 남북 협력인데.... 이런거 이제는 좀 지겹다.!!  위험 상황을 좀더 내용있게 표현했으면 하는데....   총 난사하고, 벌집된 차량이 전부여서 영화가 아주 내실 있다는 기분은 안느껴짐.",7,1
25,킬링타임용으로는 의심의 여지 없이 추천.  엄청난 스토리라인과 감동을 기대해서는 안덤 개인적으로는 구교환님 이상한 북한사투리에 좀 몰입감 깨짐.,7,1
26,별하나도아까운영화,2,0
27,전 그닥 지루했음,1,0
28,평점보고봤다가 낭패 ㅡㅡ;;  남북영화 ㅋ  너무기대하고봄,2,0
29,내용은 좋았으나 총알 수천발 세례에 차가 걸레가 되었는데  죽기는커녕 모든 사람들이 멀쩡함 ㅡㅡ 한명빼고 .. 타이어도 멀쩡 ㅋ 오히려ㅜ  성능이 좋아지는걸느낌. 비현실적 유치찬란..,1,0
30,모가디슈에서 이야기도 인물도 붕,5,0
31,.,5,0
32,한국판 아르고 느낌.,6,1
33,막대기로 다 죽을 뻔했다,4,0
34,빨리 통일이 되면 좋겠다 는 생각을 하게 한 영화,9,1
35,"개인적으로 류승완감독의 베테랑이나  군함도를 보고는 관객동원의 이유에 부정적인 느낌이 강했다. 하지만, 이 영화 모가디슈는 찐이다 싶다. 일단, 2시간 넘는 시간이 전혀 안 지루했다. 그리고, 한국인 배우들의 연기력도 있지만,현지인들의 연기 지도가 철저했는지 하나도 어색함이 없이 잘들 한 것 같다. 극장을 나오는데 뿌듯함이 느껴졌다. 과연, 이 코로나시대가 아니라면, 충분히 천만관객 동원각 영화라 감히 말할 수 있을 듯.",10,1
36,극장에서 지루해 죽는 줄...비슷한 내용의 영화/드라마를 몇 편 본 것 같은데...,6,1
37,허준호의 연기는 여전히 대단합니다~~,9,1
38,대체 뭐가 재밌다는건지... 실화다보니 극적인 감동같은건 하나도 없었다..,2,0
39,평점 조정이 필요함,4,0
40,",",1,0
41,최근본 한국영화중에 가장 좋았어요 생각도 많이 하게 되는 영화입니다,10,1
42,눈물쥐어짤까봐 안본다 했었는데 신파가 없어서 제일 좋았음.  차량 추격신은 헐리웃영화보다 쫄깃. 사실적이라,7,1
43,내내 긴장하며 봤어요 멋진영화ㅎㅎ,10,1
44,"모가디슈, 정말 재미있습니다. 잘 만든 영화~~~",9,1
45,"유치함과 신파로 흘러 넘친다. 베를린, 군함도, 그리고 모가디슈까지. 류승완에게 큰 주제는 어울리지 않는다는 것만 다시 확인했다. 차라리 베를린이 볼 만 했다. 잘 할 수 있는 걸 잘 하자.",3,0
46,함께 겪는 현장과 돌아보면 안되는 현실의 아픔.,10,1
47,오늘 조조로 봤어요 코로나 터지고 처음 영화관에서 봤는데 확실히 영화는 영화관의 사운드와 화면으로 봐야 된다는걸 다시 한번 느꼈네요 그리고 영화 대만족 입니다 재밌어요 마지막에는 분단 국가의 슬픈 현실에  울컥 했어요 꼭 보세요,10,1
48,추천!,10,1
49,"며칠 전에 봤는데 감상평은 이제 씀 한국영화, 유엔가입 당시, 실화, 요즘 많이 보는 영화, 정치적 중립..이 정도만 알고 관람했음  엑스트라들 연기 뛰어나고 소품 장비들 대단하다,  정말 실제같다,  제작비 많이 들었겠다, 감동적이다 등  그런데 막바지로 가면서 역시나 정치색이 드러나는구나  실망  관람 후 검색해보고 또 실망(알았으면 안봤음) '영화에서 처럼 백기가 아닌 태극기를 흔들었다 사실 '영화에서 처럼 전향요구를 한 적 없다는 사실 '영화에서처럼 북한측이 아니라 우리측에서 저들을 보호하려고 먼저 요청했다는 사실 '영화에서 등장하는 안기부요원도 실체가 없다는데  영화에서는 백기를 흔들고 안기부요원이 전향요구 하기위해 꾸미고 북한측에서 우리에게 요청하고 공항에 도착해서는 우리측에서 빨갱이 발언까지?",5,0
50,.,1,0
51,류승완 감독의 재기와 구교환 배우의 재발견,8,1
52,오랜만에 볼만한 영화! 잔잔한 감동~~,10,1
53,잘 표현하고 긴장감 더했지,9,1
54,굿,8,1
55,류승완 감독 영화중 가장 재미가 없었네요...,2,0
56,"연기도 좋고 구성도 괜찮은데, 불필요한 폭력과 총격전이 너무 남발하는 것 같습니다. 시위현장을 생생하게 전달하기 위한 거겠지만 총질을 해도 너무 많이 한다 싶었습니다. 물론 이건 저의 개인적인 취향입니다. 류승완 영화 분위기가 좀 그렇다고는 하는데..... 저는 자극적인 장면이 많아서 한번씩 눈 감고 있었습니다.",7,1
57,스토리도좋앗고 액션씬이전혀지루하지않았습니다. 간만에 영화관외출이  걱정되엇지만 좋은영화본걸로 만족한시간이었습니다. 배우분들 수고하셨습니다 ~^^,9,1
58,"코로나로 힘든 시기이지만 평점이 좋아 찾아가 본 로가디슈~~ 오랜만에 완성도 높은 영화를 본 것 같아 기분 좋았습니다. 소말리아 내전에서 남북한 대사관 직원들의 탈출기도 알게 되었고 자동차 추격신, 아랍풍 웅장한 음악까지 그리고 케나 공항에서 마지막 인사를 주고받는 신까지 감동적입니다.",10,1
59,초반에 살짝 지루했는데 마지막 탈출신은 정말 긴박감 짱!!역시는 역시~~,8,1
60,기대 크게 안하고  봐서인지  재미있고  감동도  있었어요   같은민족인데도  같이할수없는  지금도  이어지는  아픔이죠    전쟁없는 평화로움이  새삼 감사 했어요,10,1
61,"일단 스케일에 놀랐습니다 모로코 현지에 세트장을 건설했다 들었는데 덕분에 몰입감이 압도적입니다 ^^ 제작진 모두 얼마나 고생하셨을지 상상이 안됩니다 배우분들 연기도 좋고, 중간 중간 울컥 포인트가  과장이 없어 좋습니다. 오랜만의 극장 나들이가 후회없이 뿌듯합니다 코시국인게 넘 안타깝네요ㅜㅜ",10,1
62,재밌어용 조인성 존잘ㅋㅋㅋ,10,1
63,너무너무 재미있게 잘 봤습니다,10,1
64,영화보는 내내 재미있게 봤습니다. 강추합니다 ^^,10,1
65,이제는 한민족이 아닌 아예 다른 국가로 인식되고 있는 북한. 그 안에서도 우리는 동포애를 느낀다.,9,1
66,잘 봤습니다,10,1
67,재밌게 잘봤어요 박진감있고ㅋㅋ,10,1
68,배우분들 연기 잘 하시네요 조인성 김윤석 최고,10,1
69,실화에 기반을 둔 이야기라니...너무 재미있게 봤습니다...,10,1
70,ㅉㅉ,1,0
71,재미나게 시간가는 줄 모르고  잘 봤어요,10,1
72,낚였다  차타고 총알 뚫고 탈출한게 전부인 영화,2,0
73,"기대했었는데, 역시 좋았습니다.  배우들 연기도 좋았지만 늘어지지 않는 시나라오가 참 좋았는데 거기다 스피디한 연출이 제일 좋았네요. 갇혀 있을 수 밖에 없는 힘든 이 시기에 작은 활력이 되었습니다.",10,1
74,정말  오랜만인듯 웰메이드 한국영화,9,1
75,박진감 넘쳤지만 무너가 2%로 아쉬운 영화입니다.  영화대사중에 '대안없는 반대만 하지말고'라는 말이 현 상황을 시사하는 것 같아 씁쓸했습니다.,7,1
76,"딸과  너무도 오랜만에 영화관 가서 보는 거라  올드,인질,씽크홀을 놓고 무얼 볼지  많이 고민하다가 선택했는데 정말 잘 골랐네요. 조인성,김윤석 두 배우를 좋아하고 류승완 감독 영화는 다 재밌게 보아온 터라 올드를 보고싶어한 딸을 설득했는데 역시가 역시입니다!!! 마지막이 마음 아팠고 그래서 생각을 하게 만들어준 것도 좋았고  믿고보는 김윤석,허준호 배우의 연기도 역시였지만 조인성 배우의 연기가 너무나  좋아져서 더 행복한 관람이었네요. 조연 배우들의 깨알 연기도 좋았고 소말리아 내전을 실감나게 촬영한 것에 놀라움을 금치 못하며 끝까지 긴장감 속에서 실제 내전이 얼마나 참혹한지 느끼며 보았어요.평화의 소중함을 다시 한번 일깨워준 좋은 영화였습니다.",10,1
77,최고입니다 더이상 할말이 없네요~^^ 끝날때까지 집중해서 봤네요~ 대한민국 영화 홧팅~,10,1
78,그냥더운여름에 웃으면서 잘보았어.허준호씨도오랫만에 볼수있어서참좋았어요,10,1
79,코로나와 무더위로 답답하던 차에 잼있게 보았네요.  무엇보다 찍느라 고생 많으셨을 거 같고...  극장에도 간만에 많은 관객이 있었는데 요즘같은 때 이런 영화는 우리들을 위한 배려된 서비스 같은 느낌이 들어 고맙단 생각마저 들었습니다~♥,9,1
80,어제 보고 왔어요. 좋아하는 배우님들과 감독~ 역시나 하고 나왔어요!!,10,1
81,배우들의 멋진연기와 흥미진진한 탈출기 잼나요,10,1
82,자동차장면 긴장감 지린다 강추,9,1
83,잘 만들어진 영화입니다 추천합니다,10,1
84,멋진 영화 잘 보았습니다. 처음으로 평점 남겨봅니다.,9,1
85,코로나 시국이 아니었으면 박스오피스 갱신했을 영화!,10,1
86,마지막 장면을 위해 찍은 영화라고 느껴질 정도로 마지막이 압권이었다 한 마디 말 없이 그토록 마음 아프게 …,10,1
87,재미없어요..,1,0
88,"기대 되기는 하는데 류승완 감독 예전의 쌈마이 액션 영화도 좋은데, 뭔가 어디서 본듯한 설정 보다, 베테랑 같이 확실히 잘하시는 분야의  영화도 기대합니다~",7,1
89,어제 저녁7시부터 영화 보고 영와얘기만 1시간 했다.  개인적으로 마블팬인데 블랙위도우정도... 아니 더 재밌다. 류승완감독이 정신차렸고 이래서 베를린팀이 뭉쳤다고 들었는데 팀이 중요하구나. 신파가 없어서 더욱 좋았다.,10,1
90,류승완 감독 작품 중에 최고가 될 듯,10,1
91,쟝르 영화는 역시 류승완! 기막히게 극적인 소재지만  잘못하면 신파로 흐를 수  있는 이야기를  코미디와 스릴러 액션을 절묘하게 혼합해서  기막힌 영화를 만들었다,10,1
92,오늘 보고 왔습니다. 꽤 볼만합니다.  허준호.김윤석의 연기 ....인상적입니다.,7,1
93,감독님 배우님들 박수보냅니다   조배우  존멋 !!,10,1
94,"얼마만에 영화관에 가서 본 영화인지 모르겠어요! 그런데 그 시간 정말 하나도 아깝지 않게 잘 힐링하고 왔습니다 재미있었고, 정말 제가 몰입해서 볼 수 있는 연기력, 연출, 영상미까지 좋은 영화 감사합니다 ㅎㅎ",10,1
95,모가디슈 추천이요.. 잼있게 봤어요. 진짜 시간가는줄 모르고 김윤석 배우님 너무 재밌고 연기 리얼하고 코믹 해요.코로나 이후 정말 처음으로 영화관갔는데 사람들 많더라고요. 모가디슈가 재밌긴한가봐요. 여름휴가때 시원한 영화관에서 좋은영화보던 시절이 마구마구 생각나고 간만에 행복한 하루였어요. 절대 마스크 안벗었고 음료도 마시지 않았어요.,9,1
96,정말 평점 남겨보는 것도 처음인데 최고의 영화입니다 그냥 리뷰가 최고다 최고야 최고야!! 이런 느낌 밖에 안 드는 영화,10,1
97,영화 즐겨보던 사람들은 그냥 보면 될듯. 한국영화 아닌것 같은 잘 만든 한국영화~!!!  냉전 시대가 종식되지 않은 시대적 배경  남북 분단국가인 한국의 당시 이념적 갈등  그리고 아프리카 국가의 부정부패와 약탈 등  단순한 볼거리외에도 아직도 해결 되지 않는 문제점 들에대해 다시 한번 생각하게 됩니다.,10,1
98,참 잘 만들었다.  이상하게 눈물이 나왔다. ㅠㅠ  잼나고 좋은 영화다.,10,1
99,진짜 영화 보는 내내 N차하고픈 생각이ㅋㅋㅋ 몇번 더 볼 듯 함 ㄹㅇ,10,1
100,코로나만 아니면 대박날 영화임! 상영시간이 짧다고 느켜질 정도로 넘 잼있게 봄. 영화내내 긴장감을 놓을 수가 없었음.  연기들은 왤케 잘하는거야!!  (유일한 단점이 이북사투리가 쬐금 어색하긴 했는데 우리 입장에선 그냥 들어줄만했음),10,1
101,너무 기대됩니다,10,1
102,"진짜 꿀잼. 펑펑 우는 장면 안 나와도 충분히 감동적이고 울컥했고, 담담하게 끝나는 게 너무 마음에 들었음. 그리고 후반 자동차 액션씬 거의 매드맥스인줄 ㄷㄷ",10,1
103,담담하게 우리 조국의 비극을  그린 영화,10,1
104,시원시원 빵빵함,8,1
105,내용 모르고 봐야 더 재미있어요. 와. !!!,10,1
106,2시간이 언제 지나갔는지 모를 정도로 몰입도 짱!!  오랜만에 극장 가서 재미있게 보고 왔습니다  조인성 님 짧은 액션이지만  굿!! 모가디슈 대박나세요~~~,10,1
107,간만에 극장에 갔는데 너무 재미있게 봤네요 일단 극장 너무 쾌적하고  역시 큰 스크린에서 보니까  스트레스도 풀리고 내용도 넘 좋고 모가디슈 꼭 극장에서 보세요~,10,1
108,스케일이 어마 무시함...동네사람들 다 부른듯 시간 가는줄 모르고 재미있게 봤습니다.,10,1
109,오늘 낮에 잘보고 왔어요! 한번씩 울컥했네요~ 온가족 다 보셔요^^,10,1
110,영화끝나고도  한참을  앉아있다가  나왔습니다 여운이 오래갈것 같네요,10,1
111,마지막 장면에서 남과 북으로 나누어진 분단 국가에서 사는 우리민족의 아픔이 느껴졌다.   모가디슈를 갈 수 없는 상황에서 리얼리티를 살리기 위해 애쓴 노력이  보여지는 영화다.  배우들의 연기도 훌륭하고 볼만한 영화다.,10,1
112,올해 최고의 영화였습니다~^^,10,1
113,처음엔 살짝 지루했고 중간엔 재밌었고 마지막은 씁쓸했던.... 전체적으로 아주 괜찮았던 영화... 잘 봤습니다.,9,1
114,재밌게 보았네요 ^^,10,1
115,개존잼 ㅠㅠㅠㅠㅜㅜㅜ 또보러갈거예요,10,1
116,속도감 있는영화 좋아하는데 빠른 전개에 시간 가는줄 몰랐어요~  재미있어요~,10,1
117,올만에 웰메이드 무비:),10,1
118,잘 만들어진 영화 배우의 연기력과 감독의 연출이 아주 잘된 영화,10,1
119,정말 잘 만들었고 재미까지 있다. 땅도 작고  인구도 없어지는 마당에  의미없는 대립이 그저 코미디다. 적어도 지금은.,10,1
120,연출 디테일 모두 휼륭합니다,10,1
121,대박영화! 스토리 배우들연기 연출..너무 훌륭함. 꼭 극장에서 보시길!!,10,1
122,이상한 도시인 모가디슈를 탈출 해야하는 내용!!  정말 특이한 소재입니다 ㅎㅎㅎ,10,1
123,"휴가라서 오랜만에 영화관에 ! 탁월한 재미와 긴장감, 스토리 몰입도, 배우들 연기력과 진정성 , 맛깔스러운 대사, 1990년초입 소말리아 시대상황과  분단한국 단면, 과거상황이지만 아직 여전히 이어지는 비극들.  2021년  잊지못할 영화와 조우하다",10,1
124,모가디슈를 보며 다시 한번 분단 역사의 아픔을 깨닫게 되었다.  묵직한 엔딩의 감동.  긴장감 넘치는 액션. 캐릭터들의 찰진 조합. 극장에 안 갈 이유가 없다. 또 보러 갈 예정. 류승완 감독님 영화는 늘 두번 씩 보게 된다.,10,1
125,"좋은 영화 잘봤습니다..역시 류승완 감독님...실망시키지 않는군요.,.,",10,1
126,"웃기고 긴장감있고 액션도 멋지고 감동도, 안타까움도~~아주좋았어요^^ 배우분들 넘 고생했어요~~",10,1
127,웰메이드! 실화를 바탕으로 한 수작입니다,10,1
128,맞아 이런게 한국영화였지.....  너무 잘만든 영화.. 간만에 울컥,10,1
129,류승완 감독 다웠던 깔끔하고 박진감 넘치는 영화,10,1
130,흠잡을 것 없는 배우들의 연기와 안정적이면서 힘이 있는 연출! 웰메이드 한국 영화에서 습관처럼  들어갔던 신파가 빠지면서도 모자르지않는 묵직한 감동.  카체이싱 액션이 주는 긴장감은  보너스.트랙!,9,1
131,정말 오래간만에 극장에서 영화 관람하였습니다 이념 냉전시대 그리고 군부시절인 1990년대초 기반으로 남북이 하나가돼어 그리고 그런 극한상황에서 나라에 도움없이 오로지 자신의 의지로 먼 타국 소말리아에서 가족과 생존을 위해 탈출하는 장면에서 만약 내가 저위치에 있었더라면 하는 생각이 들고 가슴이  뭉클해 지는 느낌을 받아 즐거웠습니다,10,1
132,동네 영화관 없어지지 않게  극장가서 봤어요. 재미있던데요. 후회하지 않을거에요.,10,1
133,최고,10,1
134,정말 아무생각없이 봤는데 또 보고 싶은 영화를 찾았네요…… 누구하나 흐름 깨는 배우도 없고 다 명연기에 조금도 지루하지 않은 아주 알찬 영화였습니다!! 굿:),10,1
135,어제 가족들이 함께 봤습니다. 긴장감이 쩌네요. 끝까지 재밌습니다,10,1
136,"재미,긴장감의 연속",10,1
137,돈이 아깝지 않은 영화였어요! 시작부터 끝까지 뭐하나 놓칠 것 없이 영상이며 스토리며 정말 완성도 높은 영화였습니다! 간만에 대작이 나온 것 같습니다. 흥하세요~,10,1
138,흥미진진했고 배우들의 연기도 좋았어요 흥행 대박나길!!,10,1
139,감동적이고 한민족인데 남과 북이 처한 현실이 참 안타깝고 눈물도 나고 그렇습니다.,10,1
140,오랫만에 영화를 봤는데  말이 필요 없게 재미 있었습니다. 코로나시대에 이런 완성도가 높은 영화 만들어 줘서 감사합니다,10,1
141,실화여서  그런지   더  긴장감과  슬픔이 교차하네요 우리나라 역사를  다시금 생각하게 만드는 영화였습니다 고생한 감독님과 배우들에게 박수를 보냅니다.,10,1
142,긴장감   스릴감  두시간동안   얼마나  시간가는줄 모르고 봤는지...    휴가를   혼자  영화보면서 기대감없이 예매를 했지만 몇년만에   넘 재미있게 본 영화  굿 굿  굿,9,1
143,심장이 쫄깃쫄깃 뭉클뭉클 쓰라린 영화.,9,1
144,연기구멍이 없는 영화였음,9,1
145,"정말 잘 만든 영화 ! 감독 영화를 다시 한번 찾아봤다 작품은 하루 아침에 만들어지는게 아님,  강추 ~!",10,1
146,긴장감 스릴 웅장함 최고,10,1
147,가슴 졸이며 흥미진진하게 봤어요. 가슴이 찡하네요.,10,1
148,"참 오랜만에 영화다운 작품 감사해요. 깻잎뗄때 울었어요. 아, 우린 그렇구나~",10,1
149,굿 시간가는줄 모르고 봤네요,10,1
150,실화라니 더 가슴에 와 닿고 자동차추격신에선 손에 땀을 쥐게 했다,10,1
151,스토리 연기 영상미 모두 만족,10,1
152,보고나와서 내가 있는공간이 모가디슈같았다 한국이 아니고 여기가 어디지 하며 낯설고 괜히 불안하고 어디서 누가 튀어나올거같고 우왕~ 암튼 이상했다 이런 영화를 만들었나 많이 놀랐고 CG처리가 아닌데 이렇게 촬영을 했다고? 뭐랄까...류승완이 대단하다고 밖에는!! 다들봐라~ 다른세계에 다녀온느낌이 들테니!!!,9,1
153,잼미있습니다. 올해 본 영화중엔 제일이고요 코로나 아니었음 700만 이상갈텐데 아쉽네요,9,1
154,"코로나 시국이 아니라면 이 영화는 1000만 이상급 영화입니다.  최근 아프칸에서 미군철수하면서 발생된 비극이 있는데 더욱 이 영화를 찾게 되는군요. 잘 짜여진 해외 프로덕션,시나리오, 외국배우들과 한국배우들 모두 엄청난 앙상블이 보입니다.  이영화는 한마디로 블럭버스터영화로서 재미있습니다.  꼭 추천합니다. 극장에 걸려있을 때 꼭 보시길 바랍니다.",10,1
155,영화 끝나고 일어나서 박수 치고 싶은 한국 영화라니!,10,1
156,기대안하고 봤는데 진짜 볼만함. 간만에 볼만한 한국영화였음. 10점 주면 알바라고할테니 9점 줌. 봐보셈 ㅎㅎ,9,1
157,재밌다.,8,1
158,"일욜에 네명이서 봤는데,다들 재밋대요 수준높은 전쟁탈출 영화.꽤 볼만함~ 아주좀만더 타이트했으면 좋겠다 싶었음",9,1
159,영화 잘 봤습니다. 재미와 감동 있습니다. 오랜만에 극장에서 안 졸았습니다.,9,1
160,좋은 스토리   좋은 연출  좋은 연기 물론 아쉬운점도 있지만  . .,7,1
161,배우 시나리오 영상 굿,10,1
162,남북관계 그리고 소말리아의 긴박감에 시간 가는 줄 모르게 봤습니다. 다만 2001년 개봉된 블랙호크다운이라는 흥행 교본보다 이제는 한국 영화의 선구적 시나리오를 보았으면 합니다.,8,1
163,"액션과 연기, 몰입감과 긴장감. 전쟁 중 인간애 등 볼거리, 화려한 거리 많이 재밋게 잘 봣네요. 실제 있었던 일이라니 더 놀랍습니다. 잘 봤습니다.",10,1
164,오랜만에 시원한 액션신 잘 보았습니다.,9,1
165,너무 재밌었고 감동도 있었습니다.. 극장가서 안봤으면 후회할뻔 했어요^^,10,1
166,오랜만에 볼만한 한국 영화 ㅋㅋㅋㅋ코로나때문네  불안했지만 2년만에 처음으로 극장가거 본영화인데 극장에서 볼만했네요.,10,1
167,"우리나라 영화에서 국내 전쟁 배경으로 한 영화는 많지만 해외의 전쟁(내전)을 배경으로 한 영화는 없었죠. 블러드 다이아몬드 등과 같은 극적인 탈출 영화가 국내에서도 나왔다는게 참 좋네요.  거기에 남북의 미묘한 문제를 과하지도 부족하지도 않게 적절히 넣었네요. 그리고 국내의 영화에서 나오는 외국 배우들의 연기가 대부분 어색한데 여기서는 외국 배우들도 특별히 모나지 않더군요. 긴장감 있게 잘 보았어요. 김윤석, 조인성, 허준호 등 배우들의 연기가 참 좋았어요.",10,1
168,30년 인생 처음으로  십점 별점을 줍니다  이돈으로 저렇게 못만듭니다  엑션 감동  스토리 라인 까지 쫀쫀하게 만들수 있다니 대단합니다  많이 웃고 많이 울고 샆은분들 그라고 시원한 엑션 스피드 원하는 분들 모두에게 추천합니다,10,1
169,좋았음,9,1
170,오랜만에 울림이 있는 영화를 봤습니다.,10,1
171,간만에 다시 보고싶은 영화 발견,10,1
172,볼만함,7,1
173,"영화가 정말 재미있어서 코로나 때문에 접은 피서 여행의 아쉬움을 달래주었습니다. 중학생 아이들과 같이 가서 봤는데 아이들도 너무 재밌었다고 했어요. 영화 내내 조마조마했고, 카체이싱 장면은 짜릿짜릿했고 마지막은 울컥했습니다. 그 당시 남북의 대치 상황을 알고 있기에 마지막 장면이 더욱 마음에 닿더라구요. 정말 오랜만에 재밌는 영화 봐서 행복했습니다.",10,1
174,"오랜만에 영화다운 영화를 본것 같네요~배우들 연기도 좋고 스토리와 영상미와 오디오 까지 거의 완벽에 가까운 영화 였습니다.극우와 극좌가 없어져야 우리나라가 한단계 더 발전할거란 생각과 남북이 공산주의와 자본주의를 버리고 중립국을 선언해야 통일이 되지 않을까 하는 단상에 빠지게도 했던 아주 괸찬은 영화 입니다,",10,1
175,진짜 모든 것이 완벽한 영화,10,1
176,배우들 연기들도 좋고 역시 류승완감독이네요^^,10,1
177,깔끔한 스토리 멋진 액션 정말 잘봤습니당,10,1
178,배우들의 연기와 연출 합이 끝내줌,10,1
179,군더더기 없이 깔끔한 영화였습니다.,9,1
180,너무 재미있고 감동적ㅠㅠ,10,1
181,각본도 좋고 연출도 상당히 괜찮았습니다 강추,10,1
182,개인적으로 긴장감 있어서 좋았음 기대이상!!,10,1
183,스케일도 큰데 속도감도 있어서 늘어지지 않고 심장 쫄깃하게 봤네요,10,1
184,모가디슈 재밌드라 극장에서 볼만하다,10,1
185,"배우들의 연기 호흡이 정말 좋았고, 어느것 하나 흠잡을 수 없는 웰메이드 작품이란 생각이 드네요. 시간가는줄 모르고 오래만에 정말 잘 만든 한국영화 봐서 기분이 좋았습니다. 역시 영화의 영향력이 쎈거 같은게, 아프리카의 어린아이들이 총을 쏘고 웃고 떠드는 모습을 보는데 너무 슬펐어요. 세상에 전쟁이 사라지길 바라고 바랍니다.",10,1
186,시원하게 보다가 마지막에 눈물이!,10,1
187,절제된 감정과 낮은 목소리로 빚어낸 메시지,6,1
188,"어떻게 시간이 지났는지 모르겠습니다. 영화를 보는 내내 '이런 일이 있었구나, 이런 일이 있었구나'라는 생각을 하면서 관람했습니다. 그리고 남북의 슬픈 현실도 깨닫게 되었구요. 잘 만들어진 영화! 집중해서 보았습니다.",10,1
189,굿 ㅎㅎㅎ 재밌어요 강추!!!,10,1
190,신파극 없이 깔끔하고 완성도도 높다 부모님도 보여드려야지,10,1
191,오랜만에 가슴 뜨거워지는 한국영화,10,1
192,감동도 있고 재미도 있고 잘만든 영화임,10,1
193,생각했던거 보다 훨씬 재밌었어요 구교환이 인상적이네요,10,1
194,연기력은 물론이고 카체이싱도 좋았고 중간에 소소한 웃음 포인트들도 좋았듬ㅎㅎㅎ,10,1
195,믿고보는 류승완감독님 작품! 너무 재밌었고 마지막엔 울컥했어요,10,1
196,혼자 봤네요.  소말리아 내전의  끔찍한 현장때문에   보는 내내 마음이 힘들었어요.  그리고 마지막까지 긴장을 놓을 수 없을정도로  탈출과점  등이  잘 만들어진  영화입니다. 신파없이  깔끔하게  끝나서  오히려  김동적이고 여운이 많이   남습니다.,10,1
197,"너무 재미있게 봤습니다. 중간중간 웃음 포인트도 잊지 않고, 마지막 다른 길로 가는데 뭉클하더라구요. 류승완 감독과 출연진에게 박수를~^^",10,1
198,오랜만에 설레며 보러간 영화 실망없이 너무 잼있게 잘 만들어진  영화로 코로나 스트레스 잠시 날렸습니다..,9,1
199,올 개봉 국내영화중 탑인듯. 인도주의적 행동은 글로벌 미덕이다. 남북관계의 대화와 평화의 불씨가 되살아나길 빌어보며....,10,1
200,류승완이 해냈다  재미있게 봐네요,10,1
201,"오늘 영화관에서 봤는데 완전꿀잼!!!!!!!! 역시 믿고보는 류승완님ㅠㅠㅠㅠㅠㅠㅠ그리고 김윤석,조인성,구교환 배우님 셋다 연기 잘하시고 얼굴도 잘생겼어요!!!!!!!!💛💛💛💛💛💛💛💛💛 특히 조인성이랑 구교환이 현피뜨는 장면은 대박소름ㄷㄷㄷㄷ",10,1
202,작년과 올해 통틀어 가장 완벽한 영화다,10,1
203,간만에 재밌게봤어요  마지막은 먼가 뭉클함이라해야하나.....현실이라해야하나..; 씁쓸......,10,1
204,오늘 보고왔는데 시간가는줄 모르고 몰입도 엄청납니다 후반부 차량액션신은 매드맥스 뺨치고요 ㅋㅋ 마지막에 살짝 감동도 있고 학살씬이 조금 있긴해도 가족들이 다같이 보기도 좋은 수위로 잘 조절해주셨네요. 코로나만 아니었으면 천만영화감입니다,10,1
205,"실화라 엄청 흥미진진하진 않고 내가 저기 있었다면 하는 공포감과 멘붕의 상황들이  감정이입 되네요. 그래도 이런 일이 있었다니 알게되어 좋았어요 저 배우들에 세트에 와우 어떻게 찍었는지 류승완감독님은 연출력과 스텝들의 수고에 칭찬합니다. 마지막 1분이 포스터인데 어떻게 탈출 했는지는 극장에서 확인 하세요. 기대만큼 엄청 재밌다는 아니지만 저런 일이 있었다니 하게 됩니다. 또 마지막에 분단국가의 아픔도 느껴지고. ㅠ ㅠ 아프리카 특유의 음악과 내전의 음향을 즐기려면 무조건 극장에서 보세요. 안 보는 사람 조인성 대사처럼 ""당수를 처불라"" 보시면 압니다. 영화 대박 가즈아~~~~~~코시국 잘 넘깁시다. 류승완감독님 다음영화 기대합니다.",10,1
206,류승완  최근 몇작품으로 실망이 많았는데 모가디슈를 보니 진짜  독기를 품고 만든 작품인게 제대로 느꼐졌다 매순간이 긴장되고 스토리도 탄탄해서 영화보는 내내 즐거웠습니다,8,1
207,조사장 영화라 언넝보고싶어여~,10,1
208,오늘 보구왔는데  재밌게 보구옴 영화관가서 보길 잘했다고  생각듬 집에서  컴터로  보는거보다  큰화면에 소리크게 해서 봐야할듯,9,1
209,좋은 영화네요.. 혼자 온전히 집중해서 봐서 그런지 장면 하나하나가 좋았어요. 마지막 남북 사람들의 장면도 찡하지만.. 기관총을 들고 있는 소년병들의 모습이 너무 안타까웠습니다.  영화적 재미와 의미가 풍부한 영화입니다.,10,1
210,일부러 웃기려 울리려하지 않은 담담하게 현실성있게 잘 연출 했네요... 몰입감 최고,9,1
211,긴장감이 적절히 있어서 재밌음 여자친구도 만족함 그 당시 남북한의 관계도 느낄 수 있어서 좋았음 실제론 어떨지 모르겠지만 마지막에 표현한 장면들이 인상 깊었음,9,1
212,이렇게 깔끔한 한국영화는 오랜만,9,1
213,"가장 최근에 본 한국 영화 중에서는 손에 꼽힐만한 수작. 류승완 감독이 이를 갈고 만들었다는것이 느껴지는 작품. 해외 로케이션도 잘 담겨있고, 배우들의 연기도 매우 훌륭함. 코시국만 아니었으면 가뿐하게 1,000만가까이 갔을 작품.",10,1
214,"실망스러움.  인도적 차원에서  그상황에서 북한을  도와줘야 하는게 당연히 맞지만...... 맞지만...  왜이리 마음이  불편한 것인지.....   영화의 영향력이 클텐데 잘못받아 들이면,  않될것같은 생각",1,0
215,만족스러웠습니다 오랜만에 보는 내내 웰메이드라는 생각을 했습니다 시대상  그리고 무질서에서 오는 공포감 잘 담아냈습니다,10,1
216,음 ᆢᆢ  탈출  ᆢ ᆢ 일탈도좋지 조배우  화딩,9,1
217,류승완감독은 좋아하지만 이영화가 이정도 평점은 아닌듯 결말이 뻔하기 때문에 좀지루합니다,5,0
218,"신파적 요소, 억지 감동 없이 자연스러운 감동을 느낄 수 있었던 좋은 영화입니다. 오랜만에 감명깊게 본 영화입니다.",10,1
219,코로나만 아니면.. 천만!! 쉬울텐데 오랜만에 볼만한 영화,10,1
220,마음이  아리지만 따뜻해지는 감동을 주는 영화입니다.,10,1
221,"아무런 정보없이  그냥 보러갔다가 제대로 한 대 처맞고 나온 느낌... 영화 시작되고 옷 찢어졌을 때 어?   이거 찐이다.  (자세 바로 잡음) 내내 느껴지는 많은 숙의들, 많은 고민들, 많은 준비들... 단 한 번도 딴 생각 할 틈 없이 몰입해서 봤다. 그리고...  엔딩 크레딧이 끝났어도 자리에서 일어나지 못했다.",9,1
222,많은 제작비가 들었겠구나 하며 보긴했지만 조인성의 잘 생김 보다 더 생각나게 하고 울컥하게 했던 그 깻잎 한장....,10,1
223,"같이 본 언니가 나오면서 역쉬 류승완이네,,라고함 넘 재미있음 오랜만에 영화다운 영화 삶과죽음 ,남과북, 좌와우 모두 한끗차 결론 사람이다",10,1
224,진~ 하게 여운이 남네요 . 꼭 극장에서 보세요 !,10,1
225,연기력도 좋고 연출도 멋지고 너무 좋은 영화,10,1
226,숨죽이고봤어요.. 실화라고 해서 더 놀랐어요ㄷㄷ,10,1
227,몰입도 짱임 돈이 안아까웠음,10,1
228,평점 9라기에   에이  설마하며 봤는데  10 드립니다. 시종일관   빈틈없는  영화였어요. 가장 기억에 남는 장면은  반군들 중  아무것도 모를  천진난만해야할   어린 아이들이  총을 들고 웃는 장면에서 소름  돋았어요. 전쟁은  모두에게 비극이고  절대 일어나서는 안되는 일이라는 걸  다시한번 더  확인했습니다. 좋은 영화 잘봤습니다.,10,1
229,"류승완, 김윤석, 허준호 이 셋이 모였습니다. 거기에 조인성과 구교환까지. 손에 땀 쥐는 탈출 씬도 있지만 말로 하지 못하는 마음을 전하는 영화입니다. 전쟁나면 살아있는 사람도 죽지 않아도 미쳐 돌아가는 좀비가 될 수 있습니다. 누구를 위한 전쟁입니까? 전쟁나면 나도 여러분도 다 개죽음이고 부자들만 살아 남아서 남아있는 부를 챙기지요. 이 영화를 보십시요.",10,1
230,말 필요없고  진짜 재밌다 영화 후기처음쓰는데 진짜 후회안해서 댓글 답니다,10,1
231,좋은의미영화지만 재미는그닥..,2,0
232,대작!!!!!!,10,1
233,광대한 스케일에 가슴 뭉클한 감동까지 오랜만에 만난 수작 재밌게 잘 봤어요.,10,1
234,연출과 연기 모두 몰입도 최고 & 대단한 로케이션 그리고 주제가...심장박동을 높인다.,10,1
235,단순히 재미있나  없나의 영화가 아닌것 같음 가슴이 너무 아팠음 코로나19 만 아님 천만은 거뜬히 넘었을 영화,10,1
236,간만에 재밌는 한국영화 보았네요~ 마지막에 결말이 이상하다해서 멀까했는데.. 이상하다기보단 먼가 짠한 여운이 남았어요~ 남편도 간만에 재밌었다고 한 한국영화!흥해랏!,10,1
237,지루하지 않고 재밌었다. 신파도 없고,10,1
238,긴호흡으로 갔으면 좋았을껀데 2시간(?)에 함축하다보니 많이 아쉽네요 모가디슈 사태와 거기에 휘말린(?) 남북 관계가 더해지다보니 복잡미묘한 기분이들었어요,10,1
239,"액션씬은 별로  없구요, 걍  잘만든  영화  입니다.",10,1
240,"류승완 감독,김윤석.조인성 ,허준호 출연이라 믿고 봤는데  역시나기대이상이었다! 반도에서 눈에 띄었던 구교완도 매력  있었음. (김수현 느낌이 드는건 왜지?) 스릴 넘치고 메세지와 감동, 안타까움 등 다양한 감정을 느끼게 해준 영화~",10,1
241,잘 봤습니다. 영화가 끝난 후 사람들이 한동안 일어나지 못할 정도로 여운이 남는 영화였습니다. 실화를 바탕으로 해서 더 그랬나봐요.,10,1
242,이거 코로나만 아니었음 최소 500만 영화임 다만 수많은 총질을 해대는데 희생자가 단 1명..부상자도 없었다는 .... 뭐 영화니까 ㅋㅋ,9,1
243,아니 장난아니고 ㄹㅇ 꿀잼이었음 간만에 제대로된 한국영화 나온 듯ㅇㅇ 류승완 감독 여전하고 배우들 연기 구멍 없이 완벽했음,10,1
244,코로나만 아니면 기본 1000만은 깔고 갔을 영화. 최근 몇년간 이 정도의 완성도를 보여준 영화는 없었다.  안 보신 분들은 꼭 보시길 강추!!,10,1
245,"CGV송파 극장에서 4DX로 관람했는데,몹시 실감나게 재미있었습니다. 또한 좌석이 좌우로 크게 움직여서 매우 스릴있었습니다,^^ 모가디슈 영화를 제작하신 류승완 감독님 김윤석,조인성 배우분들을 통틀어 이 영화를 만족스럽게 관람 할 수 있었습니다. 감사합니다.",10,1
246,"어찌 표현할까 이 애달픈 분리의 연가를...  슛이 들어가고, 렌즈가 비추는 그 곳마다, 황홀하게 펼쳐지는 스펙터클한 미장센. 극을 이루는 배우들은 굳이 열연이 아니더라도, 그 공간을 채움 만으로도 충분한 묵직함.  관객에게 적절히 친절하고, 적절히 상상케하는 시나리오의 전개 또한 '이런 세상에.. 너무 잘 만들었쟎아' 소리없는 탄성이 들게한다.  익숙치 않은 얼굴없는 괴물이 온 세상을 지배하고 있는 이즈음, 감독이 거쳐온 레퍼런스와 그의 영화안을 채우고 있는 배우와 대사와 미장센은, 향내 진한  여름난의 침묵마져 당겨온다.  감독과 배우와 그 스태프들의 교만함 방지를 위하여, 1점을 깎은 9점을 기꺼이 선사한다",9,1
247,오랜만에 좋은영화 봤습니다.,10,1
248,진심 단 한 순간도 지루한 시간 없이 재밌는 영화였음. 마지막은 건조하지만 끈적하게 여운으로 오래 남는 결말. 영화관 나오면서 바로 다시 보고 싶단 생각 들었음. 코로나 아니면 진짜 천만인데 내가 다 안타깝네.,10,1
249,재미와 작품성 실화라서 더 긴장감이 감돌았던 좋은 시간이었다 저 많은 흑인배우들은 어찌 캐스팅했고 감독한건지 사실감이 컸다,10,1
250,와 방금 보고 왔는데 진짜 잼있게 너무 잘봤습니다 영화 잘 찍었네요  자동차씬 정말 실감나고 인장적이었습니다,10,1
251,최고 입니당♡,10,1
252,코로나만 아니었음 천만은 가볍게 찍었을 영환데...ㅠㅠ 우리나라 영화 정말 잘만드네요,10,1
253,재미감동이다있다. 실화같고정말잼있다.,10,1
254,재밌고 몰입감 최고~~,10,1
255,배우들의 연기력이 그저 감동스러울뿐,10,1
256,잘 만들어진  영화  꼭 보세요      별 기대없이 봤어요  감동,10,1
257,배우들 연기력이나 심리묘사나 정말 좋네요. 워낙 연기포스 강한분들이 많아서저는 반도 서대위 구교환 추천,10,1
258,꼭 극장에서 봐야하는 영화 감동 웃음 액션 다 있어요. 실화라니  더욱 뭉클하네요. 역시 류승완 감독입니다.,10,1
259,좋아하는 류승완 감독 오래간만에  멋진영화 찍으셨어요 감동 배우들 연기 모두 쩌네요 아띠 ~~ 정만식 백기 어쩔~~~ ㅋㅋㅋ,10,1
260,꼭 보셔도 됩니다  후회하지 않습니다,10,1
261,오랜만에 잼나는 한국영화봤어요,10,1
262,방금 영화 관람하고 왔는데 꼭 보세요~ 두 번 보세요. 강추 합니다.,10,1
263,오랜만에 한국영화 집중해서 몰입해서 보았습니다. 중간에 약간 스토리적으로 좀 불필요하게 느껴진 장면들이 몇 있긴 했지만 그래도 전체적으로 진짜 긴장의 연속으로 잘 만든 영화라고 느껴졌어요ㅎ,10,1
264,코로나도 폭염도 달아날 것 같은 느낌을 주었네요. 250억 투자라더니 역시나입니다.,10,1
265,한번보구  더 보고싶어  오늘 두번보고 왔습니다ᆢ한국영화  두번보기는 처음이네요 ᆢ배우님들 표정이 잔상으로 남게되는  좋은 영화인듯합니다 ㆍ,10,1
266,오랜만에 진짜 재미있게 보았습니다. 시간 가는 줄 모르고 봤습니다. 소말리아 내전이 저렇게 격심한 줄 몰랐습니다. 더위가 싹 가시는 두 시간이었습니다,10,1
267,"믿고 보는 감독, 배우는 없다고 생각한다. 하지만 연출 연기 구성 모두 훌륭한 영화였다. 억지스러움도 다 가려질 정도로. 오랫만에 만난 좋은 영화!!!",10,1
268,조심조심 아침 첫 상영작 보고 왔어요 무거웠지만  유쾌했고   한민족임을 새삼 느끼며 정치인들 빼고  개인들은 서로에 대한  애증에 맘이 무겁고 짠했네요,10,1
269,심야로 봤는데.. 엄지척입니다. 코로나덕분에 올해 극장 첫방문인데  너무 재밌게봤네요 와이프랑 보면서 이거  우리나라 영화맞어? 서로 감탄사를 쏟아냈네요 감독과 배우 그리고 스태프들 아프리카서 촬영하느라 고생많았겠네요 잼있습니다. 강추~~,10,1
270,웃다가 쫄았다가 울면서 봤움,10,1
271,(알바아님)류승완 최고의 걸작 대작이다 너무 잘만들었고  코로나19 상황에서도 모가디슈땜에 1년반만에 영화보러옴 기대이상의 영화 그리고 남북은 한민족이라는걸!  쉬리는 냉전이라면 모가디슈는 화합과 냉전을 잘 양념시켰음 류승완감독 최고의 완성도 100%영화!!,10,1
272,굿입니다  스토리 연기 액션 드라마까지 좋은 영화네요,10,1
273,남북 전쟁나면 모가디슈 상황되는거라 더 무서웠다  전쟁은 어떻게든 피해야 하는걸 다시한번 느꼈음  진짜 내전국에 다녀온 느낌   저게 다 세트라는게 진짜 대단  신파가 좀 있었어도 괜찮았을꺼 같은데 없으니 또 아쉽네  앞으로 류승완 감독 영화는 믿고 보겠음   영화관 주말에도 사람 10명도 없드라 편하게 가서 보세요~,9,1
274,오랜만에 잘만든 한국영화였네요~~ 시간가는줄 모르고 집중해서 봤습니다. 흐름끊는 신파가 없다는것도 넘 좋았어요~ 덤덤하게 풀어나가서  마지막이 더 현실적이고 안타깝게 느껴졌습니다.,9,1
275,상당히 볼만했다.,10,1
276,완전 재미있었어요. 배우들 연기가 진짜..감탄이 나옵니다.,10,1
277,오랜만에 만족스러운 영화,10,1
278,최근에 본 영화중에 최고로 잘 만들어진 영화같다,10,1
279,재미있어요 보세요,10,1
280,너무 오랜만에 좋은 작품 만나서 기뻤습니다 김윤석님 허준호님 구교환님 명품연기 최고였습니다 다른 배우들도 정말 훌륭했습니다 영화 보면 진짜 고생하고 디테일에 신경 쓰고 만들었다는 것을 알 수 있었습니다 일부 작은 설정을 제외하고 대부분이 실제 있었던 일이란것에 놀랐습니다 덕분에 소말리아 내전의 과정을 찾아보았는데 소말리아 국민들이 너무 안타깝고 현재까지 내전 중이라는 것에 마음이 아팠습니다,10,1
281,오늘 가족들과 보고 왔어요 김윤석 배우님 허준호 배우님 연기 넘 인상 깊었어요 특히 허준호 배우님은 여태껏 맡은 역할 중 가장 멋진 캐릭터가 아닌가 싶네요,10,1
282,모가디슈 진짜 재밌어요 보고 나서 짠하네요ㅠㅠㅠ,10,1
283,꼭 보세요 정말 강추 2년만에 간 영화관 시간가는줄 몰랐네요 후회없는 선택,10,1
284,이게 한국영화지,9,1
285,몰입강 극강의 영화네요..손에 땀을 쥐며 봤습니다!이런 스케일의 영화를 이렇게 잘 만들었다니 대단합니다~코로나 이후 첫 극장관람이라 더 기억에 남구..숨막히는 아프리카 내전의 상황속에 생존을 위한 연대를 감동적으로 그렸네요..마지막 뭉클한 여운이 진하게 남습니다,10,1
286,감독과배우들에게감사를,10,1
287,다큐멘터리를 보는듯한 현실감 몰입도와 긴장감 최고 코로나 아니면 천만 관객은 문제없을 뛰어난 작품입니다,9,1
288,솔직히 시간이 금방 지나가서 쫌 당황 !,10,1
289,보고난후 긴장감있는 잼있고 감동여운 남는 많은것을  생각나게하는 훌륭한 영화였음,10,1
290,오늘 보고옴  그냥보세요 강추! 특히 총기 소리가 정말 리얼함  시끄럽지만  귀따갑지않게  실제 군대시절 사격장 온 기분이들었습니다. 스토리와 호흡 모두 완벽했습니다. 류 감독님 작품중 젤 만족도가  높았습니다.,10,1
291,마지막에 짠 하네요. 재밌게 봤습니다.,10,1
292,잼나요 배우분들 연기가 최고~~👍,10,1
293,연화 참 잘 만들었습니다 배우들 연기👍👍👍,10,1
294,뭉클한햇고 감동햇다,10,1
295,"2시간 영화 보는 시간 시간이 이렇게 빨리 갔나 싶을 정도로 스토리와 배우들의 연기가 좋았다. 실화를 바탕으로 만든 영화치고는 사건의 중심과 극적인 요소를 잘 곁들여 역사적 사실을 크게 벗어나지 않는 범위내에서 잘 만든 영화인듯 하다. 코로나 전국이기에 더 많은 관객들이 극장에서 못보는 아쉬움이 있지만, 영화의 작품성으로 롱런해서 1,000만 관객은 돌파했으면 싶다. 이 영화를 만든 모든 분들에게 깊은 감사를 드립니다. 영화 재미있게 잘 보았습니다.",10,1
296,한국영화 불신증 있는데 이건 ㅇㅈ했음. 신파없어서 좋았음. 근데 한국어도 자막있었으면 좋겠다고 생각 했음. 특히 조인성이 화내면서 소리칠때.. 뭔가 마냥 해피엔딩이 아니라 현실적인 결말인것도 맘에들었음. 예고편이나 출발비디오여행에선 크게 임팩트없었는데 재밌게봄. 근데 메가박스만 그런건지는 모르겠는데 할인 아무것도 적용안되니 참고.,9,1
297,배우들 연기력은 정말 최고였음,10,1
298,정말 오랜만에 재미있게 영화봤네요! 아프리카 사람들과 어떻게 찍었을지 … 제작진의 노고가 느껴집니다!,10,1
299,믿고보는 조인성과 류승완 정말 좋았습니다. 다시 한번 더 보고 싶습니다.,10,1
300,꼭 극장가서 보세요 영상미 쥑임,10,1
301,기회가 되면 한번더 보고 싶습니다. 헐리우드 영화같애요^^,10,1
302,완성도 높은 한국 영화입니다.  스토리 및  풀어가는 과정이 아주 짜임새  있습니다.  흠잡을데없는 액션씬까지 재미있습니다.  코로나 시기에 개봉하는것이 안타까워요.,10,1
303,오늘   첫상영    봤어요  잼나게...  . 신파    없는데 눈물   찔끔..... 마무리도     깔끔   해요,9,1
304,이 시대에 한국에서 살아감을 감사하며,9,1
305,오랫만에 몰입해서 영화 한 편 봤습니다.  추천합니다.,9,1
306,제밌어요...후회는 안할 듯,10,1
307,영화평점 처음남겨봐요. 너무 잘만들었어요.  최근본 영화중에 최고입니다. 정말 마직막장면은 울컥하네요. 역시 믿고보는 감독입니다. 배우들 연기도 정말 훌륭해요.,10,1
308,잼남,10,1
309,"잘봤습니다, 3년전이면 천만 영화",10,1
310,"오랜만에 훌륭한 영화 감사합니다. 주연, 조연 모두가 주연입니다♡♡♡",10,1
311,이 영화보고 울컥한 사람 친구하고 싶다.,10,1
312,명작임,10,1
313,엄청나게 재밌지는 않음 볼만한정도.. 근데 모든 연기자분들 연기 오짐 조인성 여전히 존잘 빵 터지고 팡팡파라파라팡팡팡  터지는 느낌이 아님 뭔가 터지다 푸슈슈 하며 꺼진 느낌.. 재미로만 보자면 엄청 재밌는 영화는 아니지만 요즘 여러나라의 민주주의운동을 생각하며 보게되니 너무 마음 아프고 꼭 대한민국처럼  민주화에 성공했으면 하는 생각을 하게 됨... 마블 시리즈는 유니버스 형식이라 부모님과 보러가기 조금 어려운데 이 영화는 가족단위로 보기 아주 좋을듯 함 그런면에서는 백점,7,1
314,좋은영화 감사합니다.,10,1
315,"주말에 봤는데 여러가지 생각을 하게 하는 영화였습니다 볼만한 영화였고 더 많은것을 담을수 있었을텐데 런닝타임이 좀 아쉬웠습니다.  조금 더 길었다면 어땠을까 하는 개인적인 생각,",9,1
316,1주일전에 봤어요  코로나시기에 즐길거리가 부족한때 방역수칙 잘지켜 재밌게 봤습니다 코시만 아님 천만관객 충분한 영화라 생각되요~ 쉽지 않겠지만 꼭 대박나길 기원합니다,10,1
317,류승완감독 군함도 보고 맛탱이가 갔네? 했는데.. 이번 작품은 그래도 그나마 액션스럽게 잘 만들었네요. 물론 액션 연출을 누가 짰는지는몰라도.. 마지막 탈출 액션씬에서는 좀 더 관객이 예측 못할 수 있게 너무 직선적이지 않고 조금만 더 스토리 있는 액션이었다면 나았을거 같네요. 그거 말고는 뭐 지난 작품들에 비해서 가장 발전적인 영화인거 같습니다. 돈은 안아까움,7,1
318,감동&액션&스릴만점.. 돈아아까바요. 꼭..보세요.. 내용이 충실합니다..,10,1
319,제2의 기생충!,10,1
320,배우들 연기도 연기지만  운전씬 총격씬 예술입니당,9,1
321,40대후반 직딩임..갠적으로 모든 장르물 좋아함..뮤지컬 영화 제외...어제 영화관에서 봤음 정치적인 부분은 제외..스케일과 구성은 나름 괜찮았음..그런데 약간 억지 스럽게 안웃긴 장면도 있었음.저 시대적 상화을 이핼 못하면 20대분들에겐 난이도가 높아 재미없을수도 있음,8,1
322,너무 좋은 영화였습니다. 역시 류승완.,10,1
323,2D 극장에서 봤는데 카체이싱 장면은 아이맥스로 보면 정말 실감날 듯. 촬영을 어떻게 했는지도 신기하고. 배우분들 메소드 연기도 최고여서 간만에 몰입도 높은 영화를 봤네요.  2시간 순삭~,10,1
324,조인성 너무 잘생김ㅋㅋㅋㅋ,9,1
325,"역사와 남북관계, 민주주의 등에 대해 생각해볼 수 있어 좋았고 연기력, 연출 등도 다 좋았는데... 왜 북한 말을 자막으로 하신건지는 전혀 이해가 안 됩니다. 거기다 [일 없습네다]를 [괜찮습니다]로 번역하신 것도 아니고 모든 말들을 발음 그대로 [일 없습네다], [그쪽이나 하시라요] 이런 식으로 할거면서 굳이 자막으로 한 이유가 뭐죠? 거슬려서 몰입 방해됐고 알아듣지 못하는 외국어도 아닌데 당황스럽고 그랬네요. 할거면 한국어까지 다 자막 넣던지 북한 말을 한국어로 바꿔주던지 둘 중 하나는 해야하는거 아닙니까? 오히려 전쟁씬에서는 한국어가 더 잘 안 들렸어요. 그 외에는 다 좋았습니다.",9,1
326,영화잘맹글었네유.  마지막엔 눈물까정,9,1
327,"류승완 감독은 상업적 영화로 사회적 메시지를 매우 직접적으로 전달하는 감독인 것 같다. 그래서 그의 생각과 맞지 않은 사람들에게 많은 비난을 받는 것 같다. 그러나, 감독은 그러한 비난에 아랑곳하지 않는 듯 하다. 그렇게 만들어낸 이 영화는 다양한 시선으로 영화를 바라볼 수 있고, 여러 주제들을 생각해볼 수 있다는 점에서 정말 잘 만든 영화임에 틀림없다.  연출, 촬영, 편집, 음악, 조명, 말할 것 없고, 연기? 최고였다 시대 고증 또한 good. 영화 속 배경과 소품들을 통해 그때의 향수를 느껴보고, 덕분에 더 몰입할 수 있었다.  좋았던 점은 이야기가 뻔하지 않아 어떻게 흘러갈지 예측하지 못했다는 것  아쉬웠던 점은 확 집중시키지 못했던 첫 씬 + 오락 느낌의 포스터  간만에 보고 재밌어서 기뻤던 영화",10,1
328,알바 아니고 36세 워킹맘입니다~ 주말에 남편과 봤는데 아주 재밌게 잘 봤습니다^^ 제 눈엔 조인성씨 연기 너무 자연스럽고 너무 멋있던데ㅠㅠ  재미도 있고 아픔도 있고 저 사건 당시엔 어려서 몰랐는데 영화 보고 인터넷에서 보니 새로운 역사적 사실도 알게 되었네요~,10,1
329,스케일이 장난아니게.. 훌륭한 영화 감사합니다,10,1
330,간만에  좋은 영화 !  유감독 특유의 시크함이  돋보입니다ㆍ,8,1
331,"시간가는줄 모르고 봤습니다.  긴박함, 아찔함, 안타까움, 감동 ...   올해 정말 좋은영화를 보게되서 기쁩니다.",10,1
332,"well made Korean movie, ""We are Korean!""",8,1
333,시간 가는줄 모르고 재밌게 봤슈~ 올해 최고의 한국영화란 말에 한표 보탭니다~음하하,10,1
334,재미있어요. 꼭 보세요. 이 어려운 시기 에  작은  즐거움~^^,10,1
335,댓글 처음. 너무 감동적이었어요. 그래서 다른사람이 어떤 감동이었나 궁금해서 들어왔는데 다들 좋은 평점에 같이 뿌듯합니다. 마지막에 눈물이 울컥하였고. 아이들이 진짜 총을 들고 전쟁을 놀이로 하는 장면은 너무 마음이 아팠어요. 훌륭한 연기력에 박수보내요~,10,1
336,"처음부터 끝까지 흥미진진했고 감탄했다. 세상에 이런 일이 있었다니. 단단히 역사공부를 했다. 그리고 굳이 목소리 높혀 서  통일운동을 하지 않고도 남북 화해와 평화를 말할 수 있다. 멋지고 감동적인 영화, 여운이 깊다.",10,1
337,개인적으로 2시갼이 어떻게 흘러 갔는지 알 수 없을정도로  몰입감이 대단했습니다. 코로나만 아니었다면 천만 영화가 될 수준의  영화라고 생각합니다.  간만에  좋은 영화를  보았네요. 마지막 장면은  분단의 현실을 보는것 같아 가슴이 아프더군요. 좋은 영화 감사드립니다 ^^,10,1
338,무조건  보자 잘  맹글렀네,10,1
339,어제 롯데에서 보고 왔네요. 스릴넘치던데요. 시간가는지 모르고 보고왔습니다.,9,1
340,"사람간의 갈등, 사회의 갈등 그 속에서 이념의 갈등 아이들 삶의 모습의 대조 그 와중에 인간적인 모습들 마지막까지 그려내는 우리의 모습 훌륭했습니다 더 자세한 후기는 블로그 봐주세용 https://blog.naver.com/dlfrnaos/222473550515",10,1
341,정말 좋은 영화네요.감동도 있고 스펙타클하고 시간가는 줄 모르게봤어요.최곱니다!!!!!,10,1
342,"믿고보는 류승완 감독 작품이라 언능 보러갔다. 때를 맞춘 것도 아닐텐데 카블의 현재와 너무 닮아 있어 더 현실감을 느낀 것 같다. 영화의 스케일이 엄청 나고 현지 배우들도 우리 배우들 못지 않게 연기 넘 잘한다. (실제 배우들이겠지?) 배우들의  중심 잡힌 연기가 돋보였고, 특히 허준호 님 대사역 너무 잘 소화한 것 같다. 마지막 장면에서 나는 고마 울고 말았다. (늙어서 그런가?? 분단 조국이 항상 가슴 아프다.)",9,1
343,보헤미안 랩소디 이후로 또 보고 싶은 영화에요.~ 우리나라 배우님들 현지 배우님들 다들 고생하셨습니다. 잘봤습니다.마지막 연휴일을 감동으로 채워주셨네요. 감사합니다.,10,1
344,"아프카니스탄 탈레반이랑 겹치면서 영화가 계속 떠올라요 민주적인 정부, 연대의 절심함을 몸으로 느끼게 해주었습니다",10,1
345,"실화를 바탕으로 했다는 것이 영화의 사실감을 주었으며, 배우들의 연기력에 감탄을 합니다 스케일도 크고 한국영화가 많이 발전했다고 생각합니다. 지금까지 보았던 류승완 감독의 영화와 다른 느낌을 받았으며 군함도보다 훨씬 잼있게 보았습니다 ~!",10,1
346,"오랫만에  극장에서 영화한편  보고싶어  지인과 갔는데..우와!!! 멋있다! 우리영화 넘 멋지다. 극장에서 봐야하는 영화다!  현장에서 느끼는 생생한 맛이  압도한다.  와, 이런 일도 있었구나.  우리에게 알려지지 않은 수많은 땀의 실화 가 있었구나. 아무 정보 없이  보러갔다  2시간이 순식간에 흘러갔다. 우리영화가 넘 자랑스럽다!",9,1
347,의미있는  영화,9,1
348,정말 잘 만든 영화.. 엄청 집중해서 잘 보고 왔습니다,10,1
349,"헐리우드 영화에서나 볼 수 있었던 장면들을 우리 영화에서도 보게 되다니, 정말 크게 발전했다는 생각이 듭니다. 해외 로케로 저만한 인원을 동원해 폭동씬을 찍는 게 쉬운 일이 아닐텐데, 감독의 능력과 발전한 우리나라 영화의 저력이 느껴집니다. 영화에 참여한 모든 분들 수고 많으셨습니다.",9,1
350,재미있게   봤네요,10,1
351,잘 만들어진 영화 블랙호크다운을 보고 보면 더 이해가 잘 됨,9,1
352,"조인성, 김윤석,외국 배우들 연기가 좋았고 자동차 액션 씬은 좀 오버오버 현실성 너무 없었으나. 전체적으로 볼만했음. 요즘 같은 코로나시대에  나름 괜찮았음",6,1
353,"오랜만에  나온 국내 대작 영화네요.  액션신을 포함해서 정말 고생하면서 만들었을 것 같은데, 코로나가 아니라면 춧분히 천만관객 노릴수있는 작품이라고 생각합니다. 간만에 긴장하면서  재미있게 본 한국영화 였습니다.",10,1
354,재미있었고  울컥했고  실화라는게  감동 포인트 였습니다.,10,1
355,"재미있고 흥미진진 했음.  연기도 좋았고, 구성도 좋았음. 박수!!!",10,1
356,현실감 있는 영화~~~ 내전으로 인한 세계 곳곳의  참상~~~ 어린이를 비롯한 인간존엄성~~~ 남북의  아픔~~~ 진한 내면의 삶을 돌아보게하는 영화네요~~ 감독의  넓음~~~ 허준호  김윤석 의 명품연기~~~ 살아있는 영화~~고맙습니다~~^^*,10,1
357,근래 개봉된 한국영화중 최고!,10,1
358,간만에 좋은 작품 봤네요.  연출 스토리 영상 모두 룰륭합니다,10,1
359,"남북한 합류 이후부터 뭔가 1% 허전한 내용전개, 이태리  대사관 가기까지의 스토리, 대사관 앞 대치 장면에서의  약간의 늘어짐과 어울리지 않는 적막함 등등이 아쉽지만  그래도 재밌게 보았네요",8,1
360,"정말 잘 만들어진 영화가 아닌가 싶네요. 보고난 후엔 생각이 남는 작품, 글로 표현 하는것 보다는 직접가서 보셨으면 하는 영화가 아닌가 합니다. 코로나 상황이 아쉽네요.",10,1
361,보세요 간만에 볼만한 영화임,10,1
362,재밋네요 두시간이 금방 지나간듯 배우들 연기두 넘좋쿠요,9,1
363,연기 좋고 흥미진진함! 배경음악이 몰입도를 높이는 데 한 몫함,9,1
364,가족들과 잘 봤어요   만족합니다,9,1
365,굿,10,1
366,간만에 본 재미있는 영화 시칸가는줄 모르고 맘 졸이며 봤어요,10,1
367,재밌습니다. 류승완 감독님의 능력에 찬사를 보냅니다!,9,1
368,.,10,1
369,코로나만 아니면 7백만 영화인데 아쉽... 긴장감. 몰입도 최고!! 조금 비현실적인 장면은 아쉽지만 그래도 재밌게 봤습니다,9,1
370,자동차 액션의 연출이 굿!,10,1
371,오늘 보고 왔는데 재미있어요!!!~~^^,10,1
372,마지막 헤어지는 장면은 너무 많은것을 생각하게 한다...,10,1
373,"오랜만에 재밌는 영화를 봤다. 배우들 연기, 시나리오, 촬영 모두 베스트. 요점같은 우울한 시기에 추천합니다.",8,1
374,오랜만에 극장에서 본 한국영화였습니다. 블랙호크다운 만큼은 아니었지만 그래도 당시 분위기와 상황을 극적으로 잘 묘사했다 생각합니다. 재밌게 잘봤습니다.  개인적으로 깻잎 나눠먹는 씬 ...좋았습니다,10,1
375,아. ♪♩ 완전최고. 분위기. 액션.  찡한 연기. 먹먹함 최고,9,1
376,재미있어요 참 좋아요 백개,10,1
377,처음부터 끝까지 꽉 채웠음.진짜 재밌음. 마지막은 씁쓸함.,10,1
378,조인성  굿 샷 당수로 확 ㅎㅎ,10,1
379,간만에 만족스러운 한국영화가 나왔다,10,1
380,정말 재미있긴 하더라  액션 스토리 감동 이런 장르 기대한 분들에겐 쥐약이 되는 영화,10,1
381,"허준호씨 나오는 작품은 늘 궁금하고 . 가능한 보려고 합니다. 모가디슈 역시 . 기대를 저버리지 않네요. 배우들의 연기도,  실감나는 현지 모습도 , 스토리도 모두 좋았습니다. 코로나로 영화계가 많이 어렵지만 꼭 흥행하길 바랍니다.",9,1
382,영화보다 더 영화 같은 실화. 신파가 없어 더 마음에 들었다.,9,1
383,믿고보는 조인성 김윤석 허준호,10,1
384,지루할 틈이 없고 마지막은 찡하네ㅠㅠ,10,1
385,"연기,연출,영상 모두 만족스럽게 관람",10,1
386,뭐라 설명이 팔요없는 영화 꼭 보시길 연출 연기 시나리오 뭐하나 흠잡을 데 없음 마치 내가 그자리소말리아에 있는거 같았음,10,1
387,"오늘 보고 왔음 액션 연출 연기 다 최고임 역시 류승완 감독!!  긴장감, 몰입감 , 감동도 있고 웃음도 있고~^^",10,1
388,감동도 있고. 배우들 연기도 무척 좋았어요~,10,1
389,재미있게 봤습니다 긴박한 차량 액션 너무 좋았어요,10,1
390,꿀잼,10,1
391,오랜만에 참 재밌게 봤음 오글거리지 않고 신파 없고 부담스럽지 않은 깔끔한 영화 돈 아깝지 않았음 강추,10,1
392,가슴 찡한 영화였어요.. 인성님 쵝오,10,1
393,가족들과 모처럼  4D관에서 잘봤습니다..역시 김윤석 허준호 .압도적인 심리 연기가 영화보는 내내  뭉클하고 감동적이였습니다~시기 적절한 영화였습니다♡,10,1
394,소말리아를 통해 바라 본 남과 북  인간의 욕망은 동족의 피 마저 짓밟는다.  류승완이 돌아왔네,9,1
395,방금 보고왔습니다. 몰입도 높고 엄청 재미있게 봤네요. 마지막엔 뭉클하기도 했음 올만에 재미있는 한국영화 봤네요,10,1
396,오랜만 재미난 한국 영화.,10,1
397,부산행2를 보는 느낌. 1990년의 전쟁속으로 끌고가 그곳에서의 현장감을 그대로 전해준다 특히 마지막구조기 속에서 남북이 하나되는 느낌과 케냐공항에서 보위부와 안기부로 분단되는 슬픔을 동시에 전달해준다. 이산의 아픔을 그래도 전해서 더욱 가슴 먹먹하다,9,1
398,배우들 연기가 훌륭함.,10,1
399,코로나만 아니면 1000만 관객 가능했을 영화,10,1
400,평점 높은 이유가 있었네요.. 북한 참사관역할 배우 진짜 인상 깊었습니다.. 코시국을 뚫고 천만 갑시다~,10,1
401,배우들 연기 개쩜,10,1
402,"연출, 연기, 영상, 음악 모두 좋았습니다. 실화라는 걸 모르고 봤는데, 너무 리얼해서 마음이 아프기도 했습니다. 마지막 장면에서는 울컥했습니다. 좋은 영화 추천합니다!!",10,1
403,코로나로 영화 개봉이 계속 밀리다가 가뭄에 단비처럼 류승완 영화가 왔네요. 영화 스토리는 아르고 급이고 중동 배경 영상미가 몰입감 죽이게 주고요. 실화라 더욱 집중됩니다.   그리고 영화는 영화관에서 생맥 한잔사서 풀집중해야 역시 맛입니다.,10,1
404,무조건 봐야 되는 영화....,10,1
405,..,8,1
406,최고의영화😀😀😀,10,1
407,코로나만 아니면 대박 흥행했을거 같아요 많이들 봐주세요 제발!!,10,1
408,"좋은 영화봤네요 액션, 감동 두마리 토끼 잡은듯ㅎㅎㅎ",10,1
409,좋은 영화 잘 봤습니다!! 깻잎신 너무 슬펐어요 ㅠ,10,1
410,영화보고 실화검색 해봤는데 2011년 강신성대사(영화는 한신성) 인터뷰 동영상이 있어서 올립니다. 영화의 내용이 거의 실화에 가깝네요. 잘 만든 영화인 것 같아서 좋았습니다. https://tv.kakao.com/v/39950561@my,9,1
411,오랜만에 재밌게 봤어요.  배우분들 연기가 너무 좋았고 시간이 어떻게 가는지 모르고 몰입해서 봤네요^^ 한 번 더 보고파요~~,10,1
412,시간가는줄 모르고 봤어요~ 역시  류감독님  영화는 최고,10,1
413,오랜만에 영화다운 영화 본거 같네요 .  영화도 영화지만 OST 좋더 라구요 .  역시 류승완 감독은 믿고 보시면 될꺼같네요 .,10,1
414,이번만은  재발 평점 믿고 가보세요  너무 재밌어요,10,1
415,시간 가는줄 모르고 몰입해서 봤습니다,10,1
416,실화여서 더 몰입해서 보게 되었습니다. 베우분들 연기도 훌륭하더라구요.,10,1
417,과하지 않으면서도 영화적인 재미를 놓치지 않는 아주 재밌는 영화였음ㅋㅋㅋ,10,1
418,기대 이상으로 몰입해서 재밌게 봤다,10,1
419,꿀잼임 오랜만에 한국영화 ㄹㅇ 재밌게 봤음,10,1
420,배우들 연기는 역시 너무 좋네용,10,1
421,너무 잘 봤어요 배우들의 연기도 훌륭했어요,10,1
422,실화라니... 놀랍다ㄷㄷㄷ,10,1
423,진심 이건 코시국만 아니면 천만 관객 동원 가능인데..ㅜㅜㅜ 제발 많이들 봐줘라,10,1
424,박진감 넘치고 끝에 절제하는 연출이 정말 맘에 들었음 볼만한 영화임 오랜만에 극장에서 봤어요,10,1
425,기대이상 담백해서 좋다 남북협력과 민촉애가 뭉클했지만 소말리아 민중들의 혼란과 어린소년들의 폭력성에 고민과 슬픔에 빠졌다. 독재권력에 투쟁하는건  바람직하지만 저런 방법이  양산할  사회문제는 어찌할까  납치하고 마약주며  소년병으로  써먹는 위정자들  천벌받으라!,10,1
426,오랜만에 긴장감있고 잼있는 영화 봄,10,1
427,재미있음.  당시 대사 인터뷰 https://tv.kakao.com/m/channel/3893/cliplink/39950561  이제 블랙호크다운 봐야겠음.,7,1
428,실감나고 정말 심장이 쫄깃한 영화였습니다. 인물들한테 감정이입도 잘되고!!,10,1
429,오랜만의 영화관에서 본 영화중에서 최고이다  돈을 주고도 하나도 아깝지 않다는 느낌을 받았고  역시 류승완 감독이 우와우와 했다.   믿고 보는 감독의 작품이 있는 것 같다  모가디슈는 너무나도 잘 만들었다  두번 영화관에서 가서 보고 싶은 영화이다  신종코로나가 아니었으면 분명히 이 영화는 천만 관객이 된다  진짜 잘 만들었다  대한민국 국민이라는 자긍심이 느껴지는 영화이다  너무나도 좋았다,10,1
430,남의 나라의 내전 속 이야기임에도 깔끔하고 따뜻한 영화라 생각했습니다.  몰입감도 좋았고 감동도 있는 재밌는 영화!,10,1
431,지루하지  않고  재미있네요,10,1
432,감동적이고 눈물났음!,10,1
433,날도 더운데 시원한 액션 재밌게 잘봤어요,10,1
434,시간 가는 줄 모르고 봤습니다 가슴이 먹먹합니다!,10,1
435,모가디슈 적극 추천합니다,10,1
436,다시 보러 갈겁니다.,10,1
437,"스토리,배우들 연기,영상미까지 대박!!",10,1
438,스릴 넘치고 대사관이라는 직업에 대해 알수있었던거 같습니다~!,10,1
439,오랜만에 찐으로 볼만한 영화ㅋㅋㅋ,10,1
440,짜릿한 액션과 지루하지 않은 설정으로 너무 재밌게 봤습니다,10,1
441,연기력도 연출도 그리고 사운드도 훌륭,10,1
442,배우들 연기도 좋았고 중반 이후에는 시간이 가는줄 모르고 봤네요!,10,1
443,이런 영화는 역시 영화관에서~~~,9,1
444,아무것도 모르고 보러 간건데 생각보다 훨씬 재밌고 감동적이었어요,10,1
445,긴장감도 넘치고 재미있게 봤습니다,10,1
446,"실화를 바탕으로 한 탄탄한 소재, 안정적인 연출력, 신뢰감 있는 배우들이 어우러져 간만에 볼만한 영화가 나왓다",10,1
447,역시나 기대를 저버리지 않네요.. 역시 류승완...,10,1
448,굿  제작비 많이 쓴 티가 나네ㅋㅋㅋ,10,1
449,흥미진진하고 감동적,10,1
450,"사방이 적인 난리통에서 탈출하려면 힘을 모아야지, 함께! 비록 다시 현실은 눈인사조차 나누지 못하고 헤어지는 사이여도. (영화 개봉일에 13개월여간 끊겼던 남북의 통신연락선이 복원되었다. 영화 같은 현실, 참.)",8,1
451,유머도 있고 감동도 있고 스릴도 있는 아주 재밌었던 영화,10,1
452,역시 여름엔 류승완표 영화가 짱,10,1
453,"액션 좋고, 스펙타클하고 결말 또한 만족스럽다",10,1
454,긴장감과 몰입감이 최고였습니다^^,10,1
455,어쩔수 없는 현실 앞에서의 남과 북ㅠㅠ,10,1
456,시간 가는 줄 모르고 봤습니다! 진짜 빨려들어가는 것 같이 봤네요ㅋㅋㅋ,10,1
457,스케일과 디테일 다 살렸다ㅋ 오랜만에 진짜 재밌었던 영화임 ㅋㅋ,10,1
458,"김윤석은 김윤석했고, 조인성은 조인성했다ㅋㅋㅋ 개재밌게 봄",10,1
459,전체적으로 잘 만든 영화지만 마지막 카체이싱은 정말 소름끼쳤다..최고!,10,1
460,오랜만에 보는 한국 블록버스터인듯,10,1
461,준호형님 연기 직입니다요....저 리얼한 표정~~~~!,8,1
462,오랫동안 기다려온 작품인 만큼 기대가 큽니다!!,10,1
463,류승완 감독 영화는 정말 액션도 좋고 연출도 좋고,10,1
464,류승완이 류승완 했네요! 재밌었습니다. 특히 마지막 카체이싱은 좀처럼 보기힘든 장면이네요! 실망시키지 않고 만족시켰습니다!,10,1
465,너무나도 재밌습니다,10,1
466,"기대를 안하고 봤다. 기대이상이다. 마지막 차량씬이 백미고, 독재, 이념 아래 사람이 있는 안타까움을 느끼게 해주는 메시지도 좋았다.",8,1
467,기다렸습니다 모가디슈 ㅠ제대로 모시겠습니다...오랜만에 본 스케일 큰 영화!,10,1
468,오랜만에 진짜 극장에서 돈 안아까운 한국영화 봤다....,10,1
469,배우 조합 무슨129... 간만에 큰영화보고 기분내서 좋네 ㅠㅠㅠ,10,1
470,마음이 먹먹하다  분단의 아픔도 그렇고....  배우들 연기 정말 대단..세트도 정말 대단...아깝지ㅜ않은 영화였다,8,1
471,"시간은 금인데, 두시간동안 금을 채굴했다",10,1
472,오랜만에 재밌게 본 완성도 있었던 영화ㅎ 그래서 추천할 만한 영화라고 생각함. 류승완 감독 이름이 다시 생각나는 영화. 김윤석 배우야 여전하고 조인성 배우 새롭게 생각하게 만드는 영화였음,10,1
473,올해 본 영화 중 젤 잼났어요ㅋㅋㅋ 영화관 시원하니 볼만하네요~~~~~ 다들 극장으로 가서 보길 추천쓰,10,1
474,고립된 사람들의 막막한 심경을 잘 표현한 배우들과 류승완 감독의 연출력에 감탄,10,1
475,기대없이 봤다가 한방 맞고 온 영화. 처음부터 끝까지 담백하고 깔끔하게 긴장감을 늦출수 없다. 수작이란 이런 영화를 말하는 것인듯,10,1
476,한국영화를 이정도 수준까지 올려두다니!!!! 멋집니다~,10,1
477,두말없이  보러가세요 . 더 깊은 연기 를 펼친 조인성 좋았습니다 .,10,1
478,최고예요,10,1
479,"재미, 감동  ~^^",9,1
480,역시  !  아이맥스로  보면  더더더 좋아요~,10,1
481,믿고 보는 감독에 믿고 보는 배우! 허리 펴고 머리 움켜쥐며 긴장과 몰입 했다가 깊은 여운을 주는 마지막 장면까지...,10,1
482,내용이  흥미진지함,10,1
483,이거 사실인가요?,7,1
484,류감독은 이런류 영화제작을 좋아하네 ...,8,1
485,"마지막 1분, 두 장면이  이 영화의 모든 것이다.",10,1
486,모든것이 완벽한 영화였습니다. 스토리 연출 연기 머하나 나무랄데없이 감동과 잔잔한 웃음과 다시한번 전쟁과 분단의 아픔에 대해 생각하게 하는 훌륭한 영화였습니다~,10,1
487,최근에 본 영화 중에 가장 재미있게 봤어요 리얼한 액션씬과 시대적 배경도 너무 잘 표현하고 짜임새 있는 스토리와 연기 모두 좋았습니다 추천할 만한 대작이라고 생각됩니다,10,1
488,"마지막 장면에서 먼지 모르게 뭉클했음....ㅠ,ㅠ",9,1
489,실화를 바탕으로해서 인가 영화 재미있게 잘 감상햇습니다. 연기자분들  고생 많이 하신듯..,10,1
490,와우 대작입니다~코로나 상황에서 아 정도 스케일의 영화를 만나다니~영광이고 많이들 봤으면해요 끝에 왠지 코끝이 찡했어요,10,1
491,인성바라기~~~ 조인성씨  왕팬  입니다~빨리  영화가 나와씀 좋겠네여~~^^♡,6,1
492,대립과 우정 그리고 분단의 먹먹함 우리의 과제,9,1
493,김윤석 배우와 허준호 배우 그리고 류승완 감독까지 기대됩니다!^^,10,1
494,스케일이 실화냐? 어떻게 CG 없이 찍었지?? 들개가 유일한 cg.,9,1
495,재미있네요. 굿~,10,1
496,"기대이상, 긴장감을 계속 끌고 가는 연출이 정말 좋았습니다",10,1
497,"가슴 뭉클해서 눈물도 나네요. 따뜻한 남과 북의 탈출 이야기 그리고 헤어짐. 실화를 바탕으로한 감동을 주는 영화, 모가디슈입니다.",10,1
498,아직도 남북분단의 현실에서 맘이 짠합니다 우리도 하루 빨리 통일 대한민국을 기원합니다.  돌아가신 김구 선생님의  민족의 얼을  기리면서,10,1
499,깻잎 장아찌 먹는  장면이 인상깊었다.  깻잎이 그렇지 않은가? 젓가락으로 들어올릴라 치면 아랫장하고 달라붙어서 흔히  다른 사람이 떼어주는데 남북이 함께하는 식사에 깻잎 먹는걸 넣은게  한국 사람들만 공감할수 있는 장면이면서 굉장히 인상적이었다.,10,1
500,"오늘 관람했습니다. 류승완 감독 때문에 보러갔다 조인성에게 갈채를 보냈습니다. 자연스러운 대사처리가 좋았습니다. 공들인 장면이 많았습니다. 아 현재까지 왜그리도 통일을 두려워만 하는지 우리가 통일의 의지가 있는건지 마음이 아팠습니다,",8,1
501,블랙호크다운과 너무 비교되겠군. 어설픈 전쟁영화.,1,0
502,북한 중국 이름만 들어도 역겹고 지겹다,1,0
503,정말  신물난다 정치 홍보영화~,1,0
504,블랙호크다운을 다시보고 이영화를 보니 리얼리티가 더 와 다앗다 미국도 포기햇던 세계 역사상 가장 난리엿던 소말리아 내전.. 잘은 모르겟는데 아이디드란 넘 참 대단한 놈엿나바,10,1
505,"조인성땜에 봤어요. 순간순간 멋짐 폭발, 어떤상황에서도 멋있는 믿보배 조배우님 화이팅!!!",10,1
506,마음이 아리고 먹먹하다,9,1
507,최고의 감독! 배우! 최고의 영화!,10,1
508,예고편  하일라이트가  다인 영화  큰 기대 하지 말고 바요,2,0
509,마지막에 아무런 대사없이  각자의 진영으로 돌아가다. 근데 가슴에는 뜨거운 눈물이. . .,10,1
510,라디오 소개듣고 보고싶어서   혼자 보고왔어요. 이시국에 괜찮을까 조심스러웠지만 참을수가 없었죠. 와!!!! 보기를 잘했습니다👍,10,1
511,방금 보고 왔는데 유치할까봐 걱정했는데 대체적으로 잘 만들어진 한국영화를 보고 온것 같다 남북한으 서로에 대한 이해와 그 당시 소말리아에서 살아남아야하는 긴박함을 다룬영화다 무난하게 잘 본 한국영화이다,9,1
512,저 진짜 생전 댓글 같은 거 안다는 사람인데 이 영화는  코로나를 이겨내고 더 많은 사람이 봐야한다는 사명감으로다가!!!  영화 넘 재밌게 잘 봤습니다.  영화 보고 나와서 운전하는데 막 빨리 탈출해야 할 것 같고...북한도 남한도 짠하고 우리는 왜 아직까지 통일도 못하고 이러고 있나 여러 생각에ㅠㅠ 여튼 다들 보셔도 후회 없을  우리 영화네요 짝짝짝!!!!,10,1
513,감정의 과잉없는 마지막 장면에서 더 울컥한 영화,10,1
514,깔끔하게 잘 만든영화. . 메시지는 관객에게 토스한 노련함!,10,1
515,방금 보구왔습니다. 남북이야기도 아니구....액션도아니구.... 바레대통령만나서 유엔가입한것도 아니구... 참 애매한 영화입니다. 지루했어요. 평점알바들에게 당한듯합니다.,1,0
516,간만에 재밌는영화. 몰입감도 좋고 연기력도 좋고... 재미있다!^^,9,1
517,10 재차의 에서는 잠만 자다가 나왔는데  (갠적으로 재차의는 드라마를 못넘었씀) 모가디슈는 아무정보없이 보러갔다가  첨부터 끝까지 재밌게? 봄. 인상적인 장면은 그 대여섯살 될 아이손에 총쥔장면..  그런 비극이 있을 수 있나 싶었고...  영화로 본다면 재미  다큐로 본다면 잠깐 유니세프,10,1
518,최근에 본 영화 중에서는 가장 몰입감 높았습니다. 모든 배우의 연기가 자연스러워서 영화 끝날때까지 지루하지 않았어요~,10,1
519,오랫만에 몰입하며 본 새로운 소재의 영화ᆢ흐름도  배역이나 연기력이나 모두 좋았고 후반부 감동적  장면에선 나도 모르게 울컥ᆢ액션도 많지만 그 안의 따뜻함과 소소한 위트까지ᆢ굿,9,1
520,류승완&조인성&김윤석.. 이조합이면 묻지도 따지지도 않고 봐야죠!! 개봉날만 손꼽아 기다리는 1인입니다~~ 😎👍,10,1
521,"다음, 네이버 모두 평점이 높길래 기대했는데요. 갠적으로 별로였네요. 전반부는 진짜 재미없고 졸려서 나갈까 하다가 참았는데요. 후반부 추격씬 나오고 이러니 좀 나아지긴 했네요. 그래도 개실망... 조인성 팬분들이 많은 건지, 국뽕에 심취한 분들이 많은 건지 평점 당췌 이해 안 가네요.",5,0
522,올해의 영화인거같습니다. 몰입감 액션 차량신등 정말 영화에만 집중할정도로 흡입력있었습니다.  엔딩까지 잔잔하게 마음을 울리는 영화였습니다!! 추천추천,10,1
523,코로나 시국이 아니면 천만이네...두시간이 어떻게 갔는지 모르겠네...하는데 난 그냥 그저 그랬다. 랑종 만큼 너무들 오바하네. 그냥 군더더기 없이 진행되고 깔끔하게 마무리된 영화라는 정도. 잘 만들어진 드라마 수준. OST는 기억에 남는게 없음.,7,1
524,헐리우드 영화 이상으로 잘 만든 영화였어요. 강추,10,1
525,지인에게 추천해서 감동을 전해주고 싶네요,10,1
526,90년대 아프리카에서 벌어졌던 남북간의 견제와 경쟁. 그리고 위기속에 함께 한 민족애. . 오바한듯한 차량 총격속 탈출 신파.. 그런데 이게 다 실화라니..,10,1
527,연기짱..,10,1
528,오랜만에 대작 한국영화였다. 스토리는 실화를 바탕으로했으면서 일부각색을 통해 재미를 더했다. 신파성장면은 극도로제한되있고 그냥 서로의 시선에서 소말리아내전에서의 탈출을 그렸다.,9,1
529,상당히 짜임새가 좋고 런닝타임 내내 전혀 지루하지 않음. 간간히 깨알같은 유머코드도 있고 총격씬은  정말 수준급.  그 리얼함은 이제 헐리우드 부럽지 않은 듯~,9,1
530,기대 없이 갔다가 쌍따봉 날리고 나온 영화,10,1
531,"남북관계 소재로 만든 영화 중에 가장 잘 만들었어요. 남과 북, 서로 고맙다는, 잘가라는 인사말도 할 수 없는 관계를 만들어 놓고 꿀빨고 사는 남과 북의 권력자들 모두 지옥으로 가게 되길 바란다.",9,1
532,오랫만에 쫄리도록 집중해서 본 영화... 그리고 신파가 없는것이 정말 실화를 기반으로  한것이라 그렇다는걸 영화 끝나고 찾아보고 알았다..혼자 울었지만 가슴이 찡~했던 영화..,9,1
533,시간 가는줄 모르넸네요 ㅎ 역시  믿고보는 류승완 감독 이하 명품배우들,8,1
534,소말리아가 배경이라 그런지 액션씬도 좋았고 스토리 전개도 좋았습니다.  보는동안 블랙호크다운이 생각 나더군요,9,1
535,연출도 연기도 웰메이드 영화 입니다. 담담한 엔딩도 마음에 드네요. 먹먹합니다.,10,1
536,"평점이 높길래 무엇 때문일까 궁금해서 봤는데.. 초반부 약간 설마설마 했는데... 역시...  이 영화에서 조차 빨갱이, 좌파 타령이나 해대는것들 인생이 불쌍하다...",9,1
537,ㅋ,1,0
538,".,",1,0
539,조인성씨와 버거형이 나오는 유튜브를 보다가 모가디슈 개봉을 알게 되었고 관람하게 되었습니다.  간만에 극장 나들이라 기대반 호기심반으로 관람했고 생각보다 큰 임팩트는 없었지만 전체적이 구성과 진행내용이 맘에 들었습니다. 여러 배우들의 노력이 돋보였지만.  가장 기억에 남는 배우는 허준호씨 였습니다. 첫 등장부터 강렬한 인상을 심어주었습니다. 나이를 먹을수록 멋있어지는 배우 같네요. 남한과 북한..  같은 마음으로 살길을 찾기 위해 협력하다가 마지막 수송기에서 내릴 때 남과 북이 다시 갈라지는데 뭔가 짠한 마음이 들더군요..  잘 봤습니다.,8,1
540,남북분단의 아픔이 고스란히. 울컥했어요. ㅠㅠ,8,1
541,아주 아주 아주 잘 만든 영화!!!!,10,1
542,"년간 4-5편씩 30년을 보는 영화 애호가인데요. 이 영화는 볼만합니다. 늘어지는 장면없고, 특히 국뽕없이 담백하게 만든게 좋아요. 조인성 연기 늘었음.",9,1
543,덱스터가 만들어서 그런지 영상 효과가 매우 좋다. 적은 액션 시퀀스로도 훌륭한 미장센을 만들어냄.,8,1
544,30년전 무섭고 무서운 나라  생존해야한다는 내용 남북이 따로 나갈때 분단국가 현실을 잘보여주는 영화,10,1
545,역시   잘만들었네요.,10,1
546,오늘 조조로 봤는데  많은 정보  없이 그냥보러 갔다가  정말 재미와 감동을 다 느끼고 왔습니다.  꼭  보기를  추천합니다,10,1
547,4D로도 봤는데 오랜만에 엔딩까지 만족스럽게 보고왔습니다 크게 자극적이거나 신파같은 거슬리는 장면도 없고 처음부터 끝까지 몰입해서 봤어요 카체이싱 장면 연출도 상당히 좋았구요  세번째 본 건데도 안 질려요 ㅋㅋㅋㅋ 오랜만에 여러번 보고싶어지는 영화가 나왔네요,10,1
548,끝 장면 울컥했습니다.. 같은 민족끼리 평화롭게 잘 살면 좋겠습니다,10,1
549,2시간 내내 지루할 틈 없음,10,1
550,"역시 류승완 감독!! 최고입니다. 조조 시간에 가서 오랜만에 대작을 보고 왔습니다. 두 시간 내내 긴장하게 만드는 영화입니다. 세계에서 단 하나 뿐인 분단 국가여서 나올 수 있는 멋진 소재입니다. 어린아이부터 중,고등학생 어른까지 대한민국 국민이라면 누구나 봐야 할 영화입니다. 한반도의 과거, 현재, 미래 등 많은 생각을 하게 만들면서도 흥미진진합니다.",10,1
551,자동차가 장갑차인듯한 장면만 빼고 아주 잘 만든 작품이네요. 차속에서의 영상은 어떻게 찍었는지도 궁금하게 하네요.. 암튼 좋습니다.,9,1
552,땟갈은 한국영화를 벗어났지만 감정선은 한국적인 영화 이렇게 건조하고 덤덤하게 찍으니 영화가 얼마나 좋아지냐 이정도 스케일을 만들 수 있는 한국영화계가 되었음을 증명함 암튼 120분이 순삭!,9,1
553,디테일은 다소 아쉽지만 이런 한국 영화가 나왔다는 것은 찬사를 보내지 않을 수 없다.,9,1
554,잘 만들었다 최소한 관람료은 뽑고 남는다,10,1
555,"작년 8월 다만 악에서 구힌소서 이후 1년만에 작품인데, 배우들의 연기 200억이나 투자한만큼의 퀄리티와 어느  한쪽도 치우치지 않은 스토리의 밸런스 마지막으로 실화를 바탕으로 만든만큼 리얼리티 까지 있어 더욱 재밌었던거 같습니다",10,1
556,와 너무 재밌네요 신파도 없고 배우들 연기가 미쳤어요 다들 특히 조인성님 너무 멋있어요 n차관람 하고 싶을정도로 재밌습니다 코로나만 아니었으면 천만 각인데 ㅠ 꼭 아이맥스로 보세요~,10,1
557,여기 제 친구 아역이로 나오는데꼭봐야지,10,1
558,아직 못 봤는데 저 포스터의 조인성 표정으로 이 작품 10점 준다.  저 표정은 그냥 영화나 사진이 아니다 실제 총구앞에 있지않고 나올 수 없는 표정. 조인성 표정때문 저 포스터를 몇번을 찾아 봤는지모릅니다.  영화 얼른볼게요~,10,1
559,최근에 본 한국영화중 가장 좋았음 쓸데없는 신파도 없고 개그도 없음,8,1
560,간만에 영화 보고 돈아낍지 않다 생각들게함,10,1
561,거의 20개월만에 보러 다녀왔네요. 모가디슈 코로나 아녔음 1000만 갈 영화입니다!,10,1
562,토요일에 메가박스가서 봤어요 코로나 이후 처음으로 영화보러 갔는데  긴장하면서 재밌게 봤습니다. 많은 출연진들을 어떻게 섭외해서 촬영을 했을까 궁금했습니다.,10,1
563,넘 재밌어요 꼭 보세요~,10,1
564,오랜만에 볼만한 영화 봤습니다 엄마는 돈 많이 들었겠다는  말씀을 계속하십니다 ㅎㅎ,10,1
565,굳 갓만에 좋은 영화 봄,10,1
566,천만영화다   스케일도 대단하고 군더더기없이 박진감있게 짜여져 시간 가는 줄 모름,10,1
567,한국에서 나오기 힘든 스케일에 잘 연출된 영화 배우들의 연기도 좋았습니다.,10,1
568,좋은 영화였습니다 👍,10,1
569,꼭 영화관에서 봐야할 영화 스케일 줄거리 배우 모두 짱,10,1
570,4d로 보길 잘했다. 코로나고 뭐고 이런 영화는 극장에서 봐야 함. 대만족,8,1
571,"연기공백이 없는영화.현지배우들 까지도 모두 제몫을 한 영화 오랫만에 2시간의 러닝타임이 지겹지 않았던 영화 구교환이라는 배우를 검색하게 된 영화 조인성배우님의 대사가 내귀에 편하게 들리고 이제는 깊어졌구나 느낀 영화 감독의 연출능력이 이렇게 중요하구나 다시한번 느낀 영화 입니다 10점 만점을 못 누른건 다른분들이 다 10점 주셔서. . . ㅎㅎ 그리고 제개인적인 생각이지만 0.5프로 부족했던건 보시는 분들은 다들 아시겠지만 러닝타임이 길어 편집하면서 잘려나간 스토리전개 부분. 돈,시간 어느것 하나 아깝지 않은 재미도 있고 그시절 냉전시대를 살아온 사람으로 가슴아프고 따뜻한(억지스럽지 않은)좋은 영화였습니다.",9,1
572,재밌다 두번 봤어요 방법도 재밌어요 많이 봐줘요,10,1
573,배우들 연기는 말할것도 없고 감독의 연출력 줄거리 . 진짜 완벽한 영화였다.,10,1
574,"재미, 감탄, 감동!! 정말 잘 봤습니다. 모든 배우, 스텝, 그리고 류승완감독님 최고~!!!",10,1
575,코로나로 인해 극장에 가는게 다소 꺼림직한 부분이 없는건 아니지만  요즘 보기드물게  훌륭한 영화라는  생각이 듭니다. 무엇보다  배우분들의 연기력과 감독님의  노고가 고스란히 전해지는 영화입니다. 한번 더  볼 생각입니다.,10,1
576,나쁘지 않음,8,1
577,깻잎에 울컥...,10,1
578,흥미진진 몰입도 최고,9,1
579,"코로나로 여행도 못가는데 가족들과 같이 영화를 봤습니다. 모두 재미있게 잘 봤습니다. 손에 땀을 쥐게 하더군요.  이 영화가 역사의 의미를 알게 하고, 우리 민족이 나아갈 방향을 제시하는 듯합니다.  영화관에서 감동이 남아서 끝까지 자리를 지켰습니다. 마지막 자막이 올라가는데 배우들과 제작진들에게도 감사함을 느꼈습니다. 우리나라에서도 촬영하기 쉽지 않았을 텐데 외국에서 이렇게 촬영하다니 대단합니다.  혹시 이 공식이 맞나요? 외유(류승완 감독님) + 내강(강혜정 대표님) = 외유내강 베테랑 + 베를린 = ?  (뭐가 됐슈?) 바로 모가디슈!!! (말되나요? ㅎㅎ)                               베스트 모가디슈~~~  그리고, 소말리아 모가디슈도 발전을 기원합니다.",10,1
580,모가디슈~ 모르게쓔,6,1
581,기대가 너무 컸나??재미없고 그런건 아닌데  먼가 아쉽다 중간에 먼가 짤린듯한..,8,1
582,소말리아 내전을 통해 그린 현실적이면서 이상적인 남북관계 의 서사,7,1
583,끝장면 과하지않아 넘넘좋다 코끝이 찡~잘 만들어진 영화 만점을 못준건 어떤 배우의 오버스런 연기가 좀 거슬려서?  그래도 영화는 꼭 추천하고싶다,9,1
584,잘 만들었습니다. 다만 조인성의 캐릭터는 약간 미스같구요. 후반부 설정이 약간 아쉽기는 하지만 잘 봤습니다.,8,1
585,일단 아이오케이 주주라서 만점준다,10,1
586,와우 기다려야겠음,8,1
587,ㅣ,10,1
588,오랫만에 극장에서 영화 봤는데 처음부터 끝까지 긴장하면서 너무 재밌게 보았다  연기도 너무 잘 했고 스토리도 긴박하게~~~ 너무 잘된 영화였다~~~~,10,1
589,시간  가는줄  모르고  봤네요. 오랫만에 영화 봤는데 너무  잘 만들었네요. 최고!!!!,9,1
590,가슴이뭉클하네요 보기드문  명작입니다,10,1
591,"아르고가 생각나는 한국판 휴먼탈주극이다. 편집과정에서 많은 조연들의 감초연기가 생략된 듯하다. 그래도 주제의식은 발견했다. 91년에 안기부새끼들이 ♬~♪♩♩♪ 나라였다니... 그래서 대통령을 잘뽑아야한다. 마지막으로, 허준호가 올림픽비디오테이프를, 조인성이 몰래찍은 필름을 서로 건네주었다면, 영화적 상상력이 폭발했을텐데... 재미와 감동 그리고 묵직한 울림까지.. 좋다.",10,1
592,류승완 감독의 힘이 보여지는 영화입니다 배우들의 연기는 두 말할 필요도 없구요  참 잘 만들었습니다,10,1
593,끝날때까지 긴장을 놓을 수 없었음~~ 대체 어떻게 촬영이 가능했을까 너무 궁금해요~~최고에요!!,10,1
594,모든게 완벽했다. 스트리밍이 아니 극장을 선택해줘서 감독에게 고맙다.,10,1
595,재미있네요. 실화인 만큼 의외성이나 플롯이 주는 박진감은 적지만 전반적으로 템포도 좋고 영상미도 괜찮고 오락영화로 유머감각도 적당합니다.  류감독답게 액션신도 수준급이고요.   즐겁게 잘 봤습니다.,9,1
596,정말 잘 봤습니다. 최근 본 영화중 최고였습니다.,10,1
597,너무 실감나서 손 꼭 쥐고 봤네 근래 본 영화중 제일 재밌었음^^,10,1
598,재밌어서 시간 가는 줄 모르고 봤네요^^ 그리고 특히 엔딩에서 많은 생각을 하게 됐어요,10,1
599,너무 재밌게 봤어요!!,10,1
600,오랜만에 본 영화  시간가는줄 모르고 봤어요,10,1
601,당수로 확~,8,1
602,군더더기없는 연출과 배우들의 연기가 돋보인 완성도 높은 영화. 2시간이  30분정도 느껴질 정도로 너무 빨리 갑니다.감정적인 군더더기 없어 좋았음.,9,1
603,오랫만에  넘 재밌게 봤어요,10,1
604,너무너무 보고싶은데 거리두기 때문에 고민중 ㅠ 요즘 보기드물게 호평이던데....,10,1
605,오랜만에 몰입해서 본 영화.  또 보러 가고 싶다,10,1
606,꼭  보세요!!!!  강추!!!!!,10,1
607,조인성땜시 담배뽐푸와서 힘들었음,10,1
608,진짜 군더더기 없이 잘 만든 영화인듯,10,1
609,와... 진짜 너무너무너무너무너무ㅜ 재밌음ㅠㅠ 꼭 봐야 하는 영화!!,10,1
610,"연기, 연출,  각본  이 세 가지 어느 하나 버릴 것 없는 수작 ! 처음부터 끝까지  몰입할 수 있었던 영화 류승완 감독의  그동안 영화중 최고  감동과 재미는 덤",9,1
611,허준호씨의 표정연기가  인상적이었어요 나이들수록 깊이가 느껴지는  배우입니다. 조인성씨는  정말 잘생겼고^^,8,1
612,상황을 더욱 부각시켜 주는 음향과 잘 짜여진 편집으로 몰입도가 참 좋았습니다.,9,1
613,오랫만에 영화다운 영화를 보았슴...연기..내용...큰 울림이 있는 영화......정말 감동,10,1
614,"내전 상황을 어떻게 찍었는 지 신기하고, 스토리도 정말 흥미진진함.  요즘 한국 영화 미쳤다.",10,1
615,생각보다 괜찮네요. 9점이상 제대로 느끼려면 극장 강추강추!!,9,1
616,강력 추천합니다.,10,1
617,잼나요.  스토리도 좋고. 긴장감 있고 약간 울컥 먹먹한 부분도 있고. 연기도 좋고.  김윤석. 조인성. 허준호 배우분들 연기가 넘 좋았어요.,10,1
618,잼나게 봤어요~ 어찌 찍으셨지? 하면서 다들 고생하셨겠어요~,10,1
619,이념의 치우침 없는 생존을 위한 긴박한여정.  신파나 억지감동없이  볼만한 영화,7,1
620,정말 재미있게 봤습니다. 시간이 어떻게 흐르는지도 모르고 봤네요. 마지막엔 웬지모르게 눈물이 났어요. 조인성씨 연기 엄청 늘어서 놀라웠고 중간중간 웃음코드가 참 재미졌습니다. 짱! 이예요♡,10,1
621,남북 당사자가 신파를 펼치지 않고 절제되게 표현된 점이 좋네요,9,1
622,"인생 첨으로 영화 평점을 남겨봅니다. 그만큼 강추 영화입니다. 감독, 스케일, 연기 등등 뭐 하나 빠지지 않습니다. 특히 감독의 관점! 정말 존경합니다. 지금 우리에게 꼭 필요한 영화라는 생각입니다. 마지막 장면. . . 아래 어떤 분의 후기에도 말씀하셨듯이 짧지만 진한 여운과 감동이. . .   남은 무더위와 코로나는 ""모가디슈""로 충분히 극복 가능하겠습니다. 저도 한 번 더 보러가렵니다!",10,1
623,간만에 한국영화 명작이 나왔다 최고,10,1
624,무조건 극장각.... 이시기에 나를 극장으로 끌어준 영화... 오감만족... 그냥 보면됨... 설명 필요없음...,10,1
625,"오락성과 작품성, 볼거리와 메세지를 모두 놓치지 않는 간만의 웰메이드 영화. 배우진의 흠잡을 데 없는 연기까지 모두 만족스러웠다.",10,1
626,연기력이 대단함,10,1
627,그냥 봐라,9,1
628,한국영화의 저력.  이것이 영화를 보는 이유.,9,1
629,이만한 영화 만나기 힘듭니다. 많이 보시기를. 배우들 연기하나하나 뭐 흠잡을데가 없고  내용 연출 화면 음악 전혀 빠지는 구석이 없네요. 감사합니다. 좋은 영화 감상하면 마음의 보양식을 먹은듯이 한참동안 든든하거든요.,9,1
630,재밌고 진지하게  봤습니다,10,1
631,보는내내 긴장되고 배우들 연기 끝내줍니다,10,1
632,스릴감도 있고 배우들의 연기가 한몫했던 영화예요!,10,1
633,얼마만에 영화를 보러간건지 모르겠어여~간만에 기대되는 영화라 보러갔는데  만족 만족~!더운 여름 시원하게 잘 보고 왔어요~^^,10,1
634,"역시 류승완 감독! 정말 최고다. 스토리,연기,연출까지.  정말 쫄깃했다. 덤으로 질서가 얼마나 소중한지, 인권 교육이 얼마나 중한지도 절감했던 순간.",10,1
635,좋은 영화입니다. 추천합니다.,10,1
636,흠잡을 것이 없다.. 류승완 장인이다,10,1
637,진짜 재밌다. 그냥 말이 필요없고 신파도 없고 그냥 졸라 쫄리는데 와 진짜 미친 마지막에 짠하고 진짜 잘만들었다,9,1
638,최고예요 조인성 액션씬 멋있었고 전체적으로 긴장감 있고 인간미까지 있네요 어쩌다 사장에 나온 박경혜 김재화 배우님 조인성 배우님과 이 친분으로 나오셨나 봐요 오랫만에 보고 즐거웠던 영화!!,10,1
639,재미있네요 박진감 넘치고ㅋㅋㅋㅋ,10,1
640,정말 간만에 좋은영화 잘 보았습니다,10,1
641,오 아무 사전정보 없이 봤는데 생각보다 재미있는 신파도 거의없고 드라이하게 상황재연에 충실…  이거 잘하면 수어사이드 잡겠는데?,8,1
642,몰입감 장난없습니다 굳,10,1
643,더워서 영화 보러 갓는데 시원하고 재밋엇어요,10,1
644,빠르게 전개되는 스토리에 푹 빠진 영화ㅋㅋㅋ 시간 순삭,10,1
645,긴박감 좋았어요. 마지막엔 눈물이..또르르ㅠㅠㅠ,10,1
646,실화라니 더 긴장하면서 봄,10,1
647,재미나네,10,1
648,시간 가는줄 모르고 봤어요 좋아하는 배우들이  왕창나와서 더 좋았네요~ 헐리웃 진출해도 손색없을듯요 강추해요~!!,6,1
649,완전 재미있습니다. 실화바탕을 한 영화는 바탕의 성격을 100% 살려내기가 거의 불가능합니다.리얼요소들을 다 살려내려면 영화 전개부문에서 탄탄한 흐름을 놓칠 수가 있습니다. 감독과 배우들의 고민이 많이 녹아들어가 있는 듯 합니다. 코로나가 아니면 천만찍고 남을 영화입니다.~,10,1
650,볼만했어요. 최근들어서 본 영화중에서는 최고로 재미있었다고 할 수 있지만  코로나 이전의 여러 영화들과 비교해본다면 조금 아쉽기도 해요. 한편의 다큐를 보는 듯해서 생생하기도 했지만 중반에 조금 지루한 면도 없지 않아 있었어요. 그래도 담백한 감동도 있어서 추천해도 좋을 영화같네요. 근데 요즘 젊은이들에게도 감동이 있으려나... 궁금해지네요.,8,1
651,오랜만에 보는 한국영화 수작!!,10,1
652,재미있게 봤어요 그리고 감동입니당 ㅎ,10,1
653,신파있을줄 알았는데 우려와 달리 깔끔합니다. 추천하는 영화입니다.,10,1
654,신파없이도 뭉클함이 있네요 추천합니다,10,1
655,역시 류승완감독님~ 이건 무조건 극장가서 봐야함~!,10,1
656,영화 그 이상의 재미와 감동!!!,10,1
657,역시 류승완 감독입니다!!!  오랜만에 좋은 영화 잘 봤습니다:),10,1
658,류승완 감독님 이번에 진짜 제대로네요..,10,1
659,모가디슈 진짜 좋았습니다,10,1
660,최근에 본 영화중 최고로 잘만든,10,1
661,흥미진진.. 진짜 잘만들었다,10,1
662,재밌어요 감동적이네여,9,1
663,"영화는 1991년 소말리아. 상황이 악화된 1993년에 유엔군 상록수 부대로 소말리아에 갔었다. 2진 건설 중대 2소대...내겐 너무도 특별한 영화, 짠~~한 감동. 꼭 보시라들. 나의 20대를 거기서 보냈다 ㅜ.ㅜ",10,1
664,찐찐 찐이다 이 영화는... 너무 재밌어요!!,10,1
665,한국영화가 이정도까지 잘만들어지다니 싶었습니다. 코로나만  아니면 천만관객 너끈히 넘어설 작품입니다. 극장에 오래 걸어두세요.  극장에서 안보면 후회합니다.,10,1
666,멋진 한국영화 한편.재밌게 봤어요.,10,1
667,잘 만들었고 오랜만에 재미있는 한국영화 봐서 좋았다,10,1
668,생동감있는 연출이 인상깊고 연기가 너무 훌륭함,10,1
669,와 정말 오랜만에 극장가서 재미있게 봤습니다ㅋㅋㅋ,10,1
670,긴장감 끝까지 가지면서 봤습니다ㅎㅎ,10,1
671,"스토리 구성 좋고, 스릴도 있어 재밌게 본 영화!",10,1
672,코로나 시국에 오랜만에 괜찮은 한국영화네요,10,1
673,믿고보는 배우님들 덕분에 잘보고 왔어요~ 마지막장면 울뻔 ㅜㅜ,10,1
674,영화와 관련한 정보를 전혀 모르는 상태에서도  영화적 과장이 군데군데 눈에 띄는 게 거슬렸지만  액션 영화 감독 다운 영화적 재미는 있었음,8,1
675,재미있고 박진감넘침,10,1
676,"재미도 있고 생각해 볼 거리도 있고., 시간 가는 줄 모르고 봤어요",10,1
677,코로나만 아니면  천만갔을 영화. 코로나때문에  안타까운  영화 중 최고. 참고로 내 관점입니다.,10,1
678,조인성 때문에 무조건 본 영화 영화도 좋고 조인성 연예인중에서 얼굴 키 전부 제일 좋아~,10,1
679,재미와 감동,10,1
680,몰입감과 주제의식이 좋았다.,10,1
681,코로나로 우울했는데.. 기분전환 제대로 하고 왔네요,10,1
682,연출 배우 연기 모두 완벽하네요,10,1
683,나 구교환 사랑했네...,10,1
684,배우들 열연과 스토리와 구성이 잘 만들어져서 충분히 볼만함,9,1
685,배우들 연기 너무너무 잘 하네요. 대박나길~~,10,1
686,영화관에서 꼭 봐야 하는 영화입니다,10,1
687,재미있습니다.  근래 봤던 영화중 그래도 볼만한 영화였습니다.  만들기는 잘 만든느낌! 하지만 막 그런 재미가 막.... 베테랑같은 그런느낌과 쾌감은 없죠. 소재가 소재다 보니. 실화바탕이기도 하고.  여튼 마지막 이별장면은 머릿속에 남네요.,8,1
688,스릴넘치고 흥미진진하게 봤네요~!! 강추합니당⟩⟨,10,1
689,오래간만에 재미있는 한국영화가 나온거 같습니다,10,1
690,진짜 어떻게 이렇게 촬영했나 싶음;;,10,1
691,김윤석 조인성 허준호 연기 최고,10,1
692,카체이싱 긴장감은 미쳤다..,10,1
693,시간 가는줄 모를 정도로 긴장감 있게 영화 관람,10,1
694,간만에 긴장감 넘치는 카체이싱!,9,1
695,후반부 카액션은 찐,10,1
696,존잼 ㅋㅋ 차량신이 특히 실감난다 ㅋㅋ,10,1
697,리얼하게 잘봤어요 실화라니... ㄷㄷ,10,1
698,스케일과 사운드가 압도적이니 아이맥스로 꼭 관람해보세요!,10,1
699,지금의 더위와 어울리는 영화ㅋㅋㅋ,10,1
700,배우들의 노력이 반짝반짝 빛을 발한다ㅎㅎㅎ,10,1
701,믿고 보는 감독... 정말 잘 찍었네...,10,1
702,재능을 맘껏 발휘한 감독!!,10,1
703,후반부  추격액션 참 잘 만들었네요.  매드맥스3 느낌 받았다면 오바이려나~? 뭉클한 부분도 적지않았고~:  새삼 같은 말글쓰는  한민족이란 생각이 들어 좋았습니다~,10,1
704,스토리 배우 연기 군더더기 없는 진행 모두 맘에 들었습니다,10,1
705,2시간이 금방 갔어요...심장이 쫄깃쫄깃한 영화!!,10,1
706,기대한 것보다 훨씬 좋았다,10,1
707,돌아온 류승완 감독. 모가디슈는 올해의 한국영화가 될 듯.,10,1
708,실화가 주는 긴장감이 대단하네여..,9,1
709,긴장감에 시간가는줄 모르고 봤습니다 리스펙!!,10,1
710,최근 본 한국 상업 영화 중 1등,10,1
711,안그래도 기대하던 영화 김혜수가 진짜 추천하길래 더 기대하고봤는데 올해본 영화 주엥 제일 만족!,10,1
712,코로나 이후에 오랜만에 극장가서 봤는데 탁월한 선택이었음! 김윤석 배우 나오면 정말 기대가 되는데 역시나 실망시키지 않고 거기에 조인성 허준호까지~~배우조합 굿!,10,1
713,완전 기대 이상. 최근 본 한국영화 중 가장 재미있는 것 같아요!bb  코로나만 아니었음 진짜 천만 각이었따..,10,1
714,연기 신들이 뭉쳤네!! 정말 대단한 조합이였음!! 미친 연출력!!,10,1
715,짱잼짱잼~~~~ 조인성 짱멋!!! 한국영화 흥해라~~~,10,1
716,화려함과 연기력 그리고 약간의 억지 감동 킬링타임용으로는 볼만하지만 큰 기대를 하지 않고보는게 좋다,7,1
717,소말리아에서 외친 남과 북의 한 목소리. We are Korean!!!,9,1
718,굿,10,1
719,잘 만들었어~요,10,1
720,시간이 어떻게 흘러갔는지 알 수 없을 정도로 몰입도가 높다.,10,1
721,JSA 느낌의 영화  연기 액션 연출 등 다 좋았지만  한가지 아쉬운건 남북한 사람들의  서로를 향한 애틋함을 보여주기에는  과정이 좀 약했다는 느낌이다.,8,1
722,"살인의 추억 ""밥은 먹고다니냐"" 이후 참으로 오랜만에 영화에서 느껴보는 여운.... 말도 필요없고... 눈물 흘렸다고 부끄러워 할 필요 없다",10,1
723,박진감 넘치고 지루할 틈 없이 재미있게 잘 봤습니다. 코로나 시국에 너무 오랜만에 영화 봤는데 선택을 잘 했네요.,10,1
724,"전 몰입해서 재밌게 봤어요. 신파가 아니여서 좋았고요. 연출, 배우들 연기, 음악 전반적으로 전 다 좋았어요.",8,1
725,마지막 장면에서 울컥ㅜㅜ 감동도 있고 재미도 있에서 잘 봤어요.,10,1
726,최근 아프칸사태를 보며 더욱 와 닿습니다. 영화보는 내내  긴장을 늦추질 못합니다. 강추입니다!!,10,1
727,너무 재미 있어요~,10,1
728,영화보고 실화 내용 봤는데 생각보다 실화랑 내용이 비슷해서 놀랬어요! 요즘 아프간이나 미얀마 등 아픔을 겪고 있는 나라들이 있어 가슴에 더 와닿았습니다. 애들장면 충격이었고 ㅠㅠ 빨리 평화로운 세상이 왔으면 좋겠어요! 그리고 80년대만해도 유엔 가입을 위해 소말리아까지 가야했던 한국이 이만큼 성장했다는 것도 대단하네요! 암튼 재밌게 관람했습니다!,10,1
729,재미있었어요!,10,1
730,나는 와이프랑  재미있게봤다,10,1
731,돈주고 잘 봤습니다. 실화랑은 좀 다른 부분이 있긴한데.. 첨부터 끝까지 안 지루하게 잘 봤습니다.,10,1
732,간만에 극장에서 본 영화인데 만족~ 배우들 연기야 말할것도 없고 다시 보고싶네요,10,1
733,두시간이 언제 지나가는지도 모르게 짧게 느껴질 정도로 몰입감이 좋았음.,10,1
734,"너무나 잘 만든 고생한 영화네요 조인성, 김윤석 배우님 연기가 너무 좋았습니다. 고생 많으셨어요!",10,1
735,👍👍👍👍👍,10,1
736,응 6점,6,1
737,실화라 담백한 결말이었지만 스토리는 아쉬웠음 믿고보는 배우들!,7,1
738,좋았어요~ 감동적ㅠㅠㅠ,10,1
739,믿보배 김윤석 배우님 :),8,1
740,일점도아까운 지겨운 북한바라기영화,1,0
741,그 배우..,1,0
742,정만식씨는 배우일이나 똑바로 하셨으면 좋겠네요 괜히 페미니스트 코인 타보려고 하시지 마시구요,1,0
743,"분단 조국, 보호, 감사, 작별, 외면 ..  등 의미가 남다른 감회의 만감이 교차하는 소말리아 탈출기였어요.",9,1
744,우리 마음속에 숨어 있던 남북한동포간의 헝제애를 끄집어내는 시간으로 클라이맥스를 마주하게되었습니다. 형제로서  갖게되는 안타까움에 눈물이 저절로 흘렀습니다.   이념과 체제의 장벽 속에서  서로를 질시하다가도 이렇게 문득 우리는 하나인데 왜 이래야 하는가라는 안타까움에 마음을 애렸습니다.  미래 어는 날   하나가 되는 그날을 기대해봅니다.  정치 권력과 언론 권력의  농간에서 우리 모두 벗어나는 그날을 기대해봅니다.,10,1
745,허준호를 다시 한번 더 확인하는 영화입니다 그리고 대한민국에 이런 감독이 있다는 사실은 축복입니다 만점입니다,10,1
746,너무 재미있게 봤어요.소말리아 옆  동네  케냐 살다왔는데  .그때  소말리아  내전이라 옛날 생각도 나고 ...남편과  옛 이야기  많이  했어요.,10,1
747,"영화 시작 후 약 2~3분은, 구성이나 연출이 뻔할것 같은 영화다. 생각했는데, 그 생각을 뒤엎어버렸다.  일단 이 글 작성자 본인은... 영화줄거리, 출연인물, 감독, 상영시간 등에 대해서 전혀 알지도 못했고, 외출했다가 영화관에서 시원하게 시간 좀 떼우고 돌아가자하던 상황이었는데...  이 평점후기 작성도, 중간에 가끔씩 멈추면서 영화의 구성과 연출, 그리고 출연인물들의 대단한 연기력을 회상하고 있다.  내일 또 보러 갈것이다.  오늘 방금 영화보면서 놓쳤던 부분들, 인물들의 표정들, 대사 등 다시 느끼고 싶은 부분 + 다시 보고 싶은 부분들을 새기려고 간다.  모가디슈 영화.  넌 9.5점이다. 반올림하면 10점이고, 0.5점 제외한 이유.. 솔직히 영화 시작 후 약 2~3분정도는 밋밋했다.",10,1
748,코로나시대라 관객이 없을걸 예상해서 제가 3번 볼 예정입니다 아무도 안만들때 좋은 영화 볼수있게 해줘서 감사합니다~,10,1
749,"류승완도 조인성도 전작을 다 개판쳤잖아,,, 걱정되기는 하지만 암튼 기대,,,",8,1
750,억지감동 억지재미,1,0
751,.,1,0
752,ㅠ,1,0
753,재밌게 봤어요~~ 구교환 흥하세요^^,10,1
754,오랜만에 재밌는 한국영화를 봤네요 보는 내내 재밌었습니다. 많은 사람들이 보길 바랍니다. 좋은 건 다같이 즐겨야죠.,10,1
755,오후에 피곤할때 보면서 한장면이라도 놓치기 아까운 영화는 첨이네요,10,1
756,"1990년 un에 가입되어있지 않은 남한과 그로인한 소말리아에서 벌어지는 한국 대사관, 거기에 벌어지는 소말리아 내전/ 실화라는 점이 더 마음에 와 다았다/ 영화이기에 어느정도 각색되었겠지만 그 일을 직접 격으신 분들의 심정에 조금이나마 위로의 마음을 전한다.",9,1
757,개인의 영화 취향은 다른거지만 저에게는 너무 별로였습니다.,4,0
758,그냥 재미 없다,6,1
759,너무 기대돼요 믿고 보는 류승완감독과  배우들,10,1
760,"류승완 감독의 웰메이드 명작. 2시간이 전혀 지루하지 않을 정도. 믿고 보는 배우 김윤석과 조인성, 허준호, 구교환, 조수진, 정만식 등등. 유명한 깻잎 씬과 마지막에 서로 다른 방향으로 떠나는 자동차 안에서 만감이 교차하는 듯한 표정으로 앉아있는 두 사람의 장면은 짧지만 많은 것을 이야기 해주는 장면. 300만 가즈아~!!  체제와 이념, 분단이 강요하고 있는 동족에 대한 혐오와 증오의 굴레를 벗어던지고 평화와 번영의 길로 나아가야.",10,1
761,ㅠㅠ,1,0
762,영화 처음부터 끝까지 지루한 장면이 없어서 좋았습니다... 마지막 공항 장면에서는 눈물이.....,9,1
763,진짜 디테일 스케일에 반했습니다. 간만에 영화다운 영화!!,10,1
764,볼때는 모르겠는데 보고 나서 자꾸 생각이 나요~~은근히 유머코드가 많아요~~ 나한테는 그게 맞아서 실컷 웃엇어요~~ 또 보고 싶은 영화네요~~,10,1
765,마지막 구조기 안에서 미리 인사 나눌 때 울컥했음.. 어서 빨리 남북이 자유롭게 교류하게 되기를.. 통일까지는 안되더라도 적어도 경제적 문화적 교류만 하게 되더라도 좋겠다..,10,1
766,"오랜만에 극장나들이였는데  넘 잼있게 봤어요.  계속 생각나는건 ""당수를 확~""ㅋ 어찌나 웃기던지ㅋㅋ",10,1
767,간만에 존잼인 영화 하나 나왔다. 주말에 또 보러 감.,10,1
768,재미있고 의미있는 좋은 영화입니다 내전의 광기가 생생하고 그상황을 함께 이겨내는 민족애가 너무 무겁지 않게 감동을 줍니다,9,1
769,조금 전 보고 왔는데 긴장감 오락 마무리 모두 만족,10,1
770,오늘까지 3번 봤다. 조조로^^*,9,1
771,돈은  많이 쓴거 같은데 뭔가 애매함 너무 진부하고 뻔한 스토리 공동경비구역같은 감동을 기대햇지만 특별한 감동도 없고 초반부가 너무 지루함,6,1
772,"오늘 개봉날 맞춰서 보고왔어요. 믿고보는 류승완 감독, 김윤석배우,  그리고 나름 유머담당 조인성(중간중간에 깨알 재미) 방역수칙 지키면서 꼭 관람하셨으면 좋겠어요. 남과북, 그리고 반군과 내전까지 생각이 많아지는 밤입니다.",10,1
773,규교환 배우 기대됩니다.,8,1
774,정말 재밌어요 추천해요 고민하지말고 보러가세요 실화기반이에요 나중에 영화보고 유튜브로 꼭 찾아보세요,10,1
775,오랜만에 아무새각없이 봤네요. 마지막 10분좀 지루하고 도입 중반까지 시간잘가다가 후반에 잘안감,10,1
776,"탄탄한 시나리오에 훌륭한 연출, 과하지 않은 연기와 재미까지.. 간만에 정말 몰입해서 볼수 있는 좋은 영화였습니다!",9,1
777,아이와 같이 보기에 좋아요,10,1
778,😥,1,0
779,ㅈ,1,0
780,"평점보고 나쁘진 않겠지~라고 보게 되었습니다. 정말 잘만든 영화네요. 외국인이 느끼기 힘들 섬세한 감정까지,,, 류감독, 너무나 자연스러운 배우들,,, 멋진 영화 감사합니다.",9,1
781,넘 재밌게 봤음,10,1
782,그냥 개재밋음 국산영화 특유의 신파가 없어서 좋았다,10,1
783,"실화지만 그 실화를 액션 스릴러에 맞게 각색을 한 노력이 보임, 단 감독은 영화를 신파로 끌고가지 않으려했다고 들었지만, 우리나라 정서상 신파의 마지막 끈을 놓지 못한게 보임, 그리고 나이들어 자꾸 따지는 버릇 때문인지 그 정도의 총알 세례라면 생존자가 있을수 있나 하는.. 좀 과한 총격 씬이 아쉬워서 관객이 이해 가도록 총격 씬을 조금 다듬었으면 어떨까 하는 아쉬움이 있었음. 여하튼 소소한 유머와 액션 그리고 우리가 좋아하는 적당한 신파까지.. 추천합니다.",7,1
784,"20년전부터 잘만들고 못만들고를 떠나 그냥 우리편이라는  느낌의 감독. 감독님 정말 고생하셨고, 앞으로도 계속 기대할께요!!",8,1
785,정말 올해 재미있는 영화에요.,10,1
786,재미있어요^^,10,1
787,깔끔하고 재미있다... 신파가 없다는게 이렇게 중요하다,8,1
788,담백하니 너무 잼나네요. 음향은 당연 100점!!!,10,1
789,그냥 내전 지역 탈출 영화 높은 평점은 아닌듯 마지막 탈출 장면?  소소,6,1
790,재미있어요 배우들 연기다 잘하고,10,1
791,감독  배우  시나리오  영상 뭐하나 흠잡을대가 없네요 마지막 장면  김윤석배우님의 눈빛이 너무 좋았습니다!,10,1
792,"오랫만에 잘 만들 한국영화입니다, 역시 류승완감독입니다~~!",9,1
793,"담담하고 그래서 참담함이 더 잘 와닿는다.  군더더기 없는 전개와 각본이 반가웠고,  김윤석과 허준호가 붙었을 때의 연기가.. 정말 좋았다.  정말 괜찮은 영화.",10,1
794,별루,5,0
795,잘 찍었고 괜찮아요 블랙호크다운정도는 아닌데 예산이 다르니까,7,1
796,"류감독님 오래 쉬더니 한단계 업그레이드 됐네요. 볼거리도 많고 생각할 거리도 있고 만감이 교차합니다. 마지막 윤경호씨 보기전까지 가슴 졸이며, 찡~하며 봤네요.",9,1
797,구교환의   두번째 상업영화  참  매짚 좋아요,8,1
798,"기대됩니다 류승완,김윤석, 조인성 기본이상은 되는 영화",9,1
799,류승완 감독님 팬입니다. 빨리 보구 싶네요.,10,1
800,영화 너무 좋아요~ 아프카니스탄 생각도 나네요.  아이에게 꼭 보여주고 싶은 영화예요 적극 추천합니다~♡,10,1
801,류승완감독님.배우님들 수고많으샸습니다 저에게는 최고였습니다,10,1
802,너무 감동적이고 너무 잘만들었네요.. !!!,9,1
803,재밌게 잘봤습니다. 허준호 김유석 조인성 그밖의 조연 연기 좋았습니다.,10,1
804,가슴 먹먹해지더라 류 감독 또 한번터뜨렸어 많은 생각.,10,1
805,영화를 기대했다가 조인성 때문에 의미를 찾고 갑니다ㅜ,7,1
806,솔직히 재미있슴,10,1
807,이 소재로 현재 만들 수 있는 최상의 완성도,10,1
808,엉덩이 떼기가 힘들었네요 오랫만에 감동적인 영화 봤어요 엔딩이 가슴 저리네요 오늘부로 구교환배우 덕후네요~!!,10,1
809,"박진감넘치는 액션이 가끔씩 톡톡튀는 대사들과 함께 재미있게 전개된다. 좀 칙칙한 화면은 오히려 현실감, 긴장감을 더해준다. 김윤석, 조인성, 허준호 세 배우들의 연기력으로 극중 캐릭터가 잘 구현되고 있고 같이 고난을 헤쳐오는 동안 이데올로기를 넘어 남과 북 사람들간에 스며드는 인간적인 정과 헤어짐의 아쉬움은  후반부에 가슴을 울리고 울컥한 감동을 준다.",8,1
810,오랜 여운이 남는 영화였어요. 생사를 오가는 긴박한 상황을 함께 했지만 모른척해야 하는 마지막 장면과 소말리아아이들이 장난감 처럼 총을 들고 있는 장면등등... 오랬동안 생각을 하게끔하는 영화라 영화를 보고나서도 깊이 저에게 남게 되더라구요.  배우들의 연기도 훌륭해서 몰입하면서 봤습니다.,10,1
811,코로나만 아니면 대박날 영화인데... 정말 잘만든 영화네요.,10,1
812,잘만들었어요~ 간만에 좋은 영화봤어요~ 다음에 또 봅니다~,10,1
813,대박 강추,10,1
814,"반란군 내전 진짜 살벌하고 공포스럽다. 리얼 찐 현실감 쩐다.저걸 어떻게 찍었을까 우리나라 영화 진짜 대단하다 스케일 미쳤다 싶은데, 뭐랄까.....영상의 긴박하고 화려함에 비해 감정적으로 공감하며 빠져드는게  2%부족하달까. 약간 월드워Z같은 느낌...  북측이랑 감정적으로  얽히는 타당한 사건사고들이 좀 더 있었으면 ,  헤어질 때 감정이입이 되었을듯 싶다.   그리고 내가 알기론  80년대에는, 아프리카 많은 나라에서 한국을 찾아와서 노크 많이 했는데, 한국 장관들은 아프리카 왕이 와도 안만나줬음. 가난한 발가벗고 다니는 깜둥이 토인이라고, 사람취급 국가 취급 안하고 무시했음.. 대신  중국은 그들을 만나줬고, 그래서 아프리카 시장을  중국이 다 먹었음. 그게 내가 아는 진짜 히스토리...",8,1
815,두번봤습니다. 코로나만 아니면 천만관객 찍고도 남을텐데 아쉽네요. 마지막장면에서는 웬지 모를 울컥하는 마음이 솟고 여운이 길게 남는 좋은영화 잘봤습니다,10,1
816,"정말, 한국영화치고 최고의 영화로 꼽고싶습니다. 정말 최고인거같아요",10,1
817,ㄹㅇ꿀잼 방대한 스케일이 아주맘에들었다. 연출도 훌륭했다.,10,1
818,안시성을 마지막으로 몇년만인지ㅠ   조조로 관람하고 옵니다 웅장한반면 잔잔한.. 깊은 울림이 있는 좋은 영화 잘 만들어 주셔서  만원의 행복 맘껏 누리고 옵니다 또 보러 갈라구요!,10,1
819,꼭보세요!,10,1
820,조인성 나오길래 보러 갔어요.. 재미있었어요.. 오랫만의 영화관 공기도 좋았고요..,10,1
821,지루함 없이 너무나도 재미있게 잘 봤습니다. 감동까지~~ ^^,10,1
822,오랜만에 영화같은 영화 본것  같네요. 재밌었어요.,10,1
823,류승완 감독이 이런? 뻔한 내용을 뻔하지 않게 만든...,10,1
824,"그럴듯한 배경, 몰입도 높은 전개, 긴장감 높이는 인물 간 갈등구조, 훌륭한 연기가 모여서 괜찮은 영화가 만들어졌다.",9,1
825,가장 최근에 본 연화 중 최고,10,1
826,스케일  액션  묵직한 감동,10,1
827,굿,10,1
828,정말 내용도 좋고~ 연기도 좋고~ 연출도 좋고~ 뭐하나 빠지는게 없어요!!,10,1
829,오랜만에 빠져서 봤던 영화네요 분단국가인 우리나라의 현실에  대한 안타까움에 펑펑  울수밖에 없었어요 다만 아쉬웠다면 마지막 자막이 올라가며 그 이후 상황을 자막이 있었으면... 하는 아쉬움입니다,9,1
830,아프리카 배우들  연기 대박 진짜 반군 폭도들 같았음 조인성은 힘을 좀 뺀 연기가 뭐 낫배드 김윤석이야. 뭐.. 어쩌다 사장 손님들이 여기 사람들이였더군,8,1
831,질질 끌지 않는 담백한 결말이 좋다,10,1
832,감동적으로 봤습니다 배우들의 연기가 정말 쵝오~~,10,1
833,몰입도 완전 대박~~~,10,1
834,몰입감과 배우들의 연기가 최고였어요.,10,1
835,스토리도 좋고 연기도 훌륭하고 좋았습니다.,10,1
836,오랜만에 집중해서 보게 되는 영화였던 것 같아요,10,1
837,너무 스릴있고 재미있게 몰입해서 보았습니다~,10,1
838,올해 본 영화 중에 제일 잘만들었어요,10,1
839,진짜 재미있어요~또 한번더 보고싶어요~~^^,10,1
840,재밌고 슬프고 감동적이었습니다,10,1
841,뭔가있슈,9,1
842,실화라서 더 실감나고 재미났던 영화,10,1
843,잘 봤어요 배우 연기가 돋보이네요,10,1
844,욕심  안 부린 영화가 성공한다.감독은 정확히 그걸 알았다.과하지도 모자라지도 않았다.,8,1
845,모가디슈 존잼ㅎㅎㅎ,10,1
846,오랜만에 본영화 좋았메요,10,1
847,웰메이드 블록버스터. 안정적인 연기 위에 쌓아올린 공든 탑.,10,1
848,재밌게봤슴,10,1
849,영화를 참 짜임새있게 잘 엮어 놓았다. 각 단체 / 인물이 가진 내면의 욕심과 이해타산이 적재적소에 알맞게 터져서 이야기를 보는 내내 거슬림없이 푹 빠져 볼 수 있었다.,9,1
850,"스케일,액션,감동,깊이,메시지를 모두 갖춘 대박영화.",10,1
851,보고 싶었던 영화. 그래서 봤는데 보기 너무 잘한 영화였습니다.,10,1
852,배우들의 연기는 좋네요 스케일도 크고 하지만 동포애를 자극하는 영화... 그게 좋은건지 나쁜건지는 관객의 몫,5,0
853,진심 긴장돼서 과몰입했는데 실화라는 거 알고 더 과몰입하게 됐음...ㅠ 꿀잼,10,1
854,"올 한국영화 중 단연컨데 1위인듯.. 과장도 억지도 없이 담백하면서, 생각할 거리는 던져주고 신파도 적절히 섞여있고 넘 재미있게 잘 봄 갠적으로 2D 보다 스엑이나 아맥으로 보는 거 추천",10,1
855,진짜 생생함! 실화로 어떻게 이렇게 연출할 생각을 했을까...,10,1
856,최고의감독님과최고의배우님들과함께한모가디슈 영화 최고입니다 좋은일들만 가득하시길바랍니다^^♡,10,1
857,기대합니다,10,1
858,기대된다 보고 또 평점 해야지 코로나 시국이라 안타까움은 어쩔수없지만 ㅠ,10,1
859,기대합니다 ^^,10,1
860,기대됩니다~~!!,10,1
861,말미의 카체이싱은 정말 헐리우드 부럽지 않다.,8,1
862,잠깐 스탑 동작그만,8,1
863,이 영화 최고의 반전은 완전 허풍쟁이 같았던 조인성이 한마디도 거짓말을 하지않았다는거.. '나 무술배운 사람이야' 봉테일이 아니고 류승완이 류데일이 아닐까..대충한게 하나도 없다.. 댓글보고 뭘 볼까 망설이는 시간에 나는 예매 버튼을 글릭한다..이런게 영화다..,9,1
864,"추천할만한 영화임. 단, 1시간 30분짜리 영화를 2시간으로 만든 것같음. 스토리가 루즈함.",7,1
865,굳,10,1
866,너무 재미있게 봤어요,10,1
867,모가디슈  위기탈출이 코로나  위기탈출보다  더  긴급! 따라서 볼 수밖에 없는!,9,1
868,amazing korea movie 탄생 류승완감독 역량이 엿보인 수작. 그의 최고 작품이 될 듯 합니다. 모로코 현지 로케이션 배우들 연기도 리얼하니 좋았어용♡,10,1
869,북조선대사  갈곳이 없소 대한민국 대사       음.........언릉들어오기요,10,1
870,사실 별로 관심 없는 영화였는데 정만식 배우 나온다고 해서 봅니다😊,10,1
871,드라이해서 좋았는데 상대적으로 주연배우들을 제외한 다른배우들이 주변인으로 소비된 느낌 막판 카체이싱은 깜짝 놀랄 정도로 최고의 경지,8,1
872,김윤석 아저씨네 와....이건 머 믿고 보는거 아니냐? 평점 10점도 모질라겠네,10,1
873,무척 지루하다.,3,0
874,모가디슈는 극장에서 봐야 하는 영화 총소리가 아주... 긴장감 끝내줌,10,1
875,정만식때문에 거른다... 이유는 본인 스스로 잘 알것임...,1,0
876,코로나만 아니었으면 천만 찍었을텐데,10,1
877,안 보면 후회한다.    꼭 봐라.  평점 10점은 처음준다.,10,1
878,"류승완 감독의 영화를 여럿  봤다. 늘 무언가 2% 부족하다는 걸 느꼈다. 영상이 좋으면 시나리오가, 그게 좋으면 대사에서, 아니면... 어쨌든 아쉬움이 남았다. 이것만 보완하면 완벽한데... 그랬다.  그런데 이번 영화는 완성도에서 최고라 생각한다. 어쩌면 지루할 수 있는 소제는 끝까지 긴장하게 했고 한순간 눈을 뗄 수가 없었다. 사이사이 남북한 사람들의 대사는 곱씹을 만한 내용이었고 뇌리에 깊이 남았다. 마지막 장면과 남북 대사들의 표정까지 완벽했다 생각한다. 오랫만에 좋은 영화를 만났다. 그의 다음 작품이 무척 기다려진다.",10,1
879,댓글알바 진짜로 있는건가? 평점 남긴 말투가 다 똑깉네,1,0
880,No,1,0
881,재밌게 잘봤습니다 쓸데없는 장면없고 신파없고 보는사람 스스로 깨닫고 느낄수있는 장면들 캐릭터의 힘에 끌려가는게 아니라 탄탄한 스토리위에서 배우들의 연기를 볼수 있어 좋았습니다 역시 류승완!!! 그이름하나로 코로나 시기에 극장으로 저를 불러들였네요ㅎㅎㅎㅎ,10,1
882,전부 알바인거같습니다 지루하고 그냥그런 집에오면 아무기억이 없는정도 수준입니다. 돈주고볼정도 절대아닙니다,5,0
883,지금 아프카니스탄이 생각나게 하는 영화..   연출은 사실 별로이고  스토리도 영화니까 가능한 부분이고 우리만의 희망사항이 듬뿍 담겨서 도취될 수 있음,7,1
884,ㅂㄹ,1,0
885,군더더기 없이 깔끔한 영화입니다. 지루하지 않게 타이밍을 잘 맞추었습니다. 남과 북의 화합을 넌지시 보여하는 감독의 탁월한 능력을 보았습니다. 관객의 입장을 먼저 배려하는 영화의 여운이 지금 이 순간에도 남아 있습니다.  '모가디슈' 강추!,10,1
886,오랜만에 재미있게 본 한국영화 가감없이 눈물 빼려 안 해서 더 좋았음 대안 없으면 반대하지 말라,10,1
887,"121분이 순식간에 지나갔네요.  많은 사람들이 보면 좋겠다고 생각하며 극장문을 나왔습니다.  영화 전체가 좋았는데,  특히 허준호씨의 연기가 정말 인상깊었습니다.",10,1
888,주120시간노동 서민들 불량식품 맥여야 돈없으면 감지덕지살아야 백신신약 임상불필요 국민들 마루타삼아야.. #석렬한국#석렬국민,6,1
889,⟨군함도⟩ 실패 후 지나치게 몸 사린 류승완,6,1
890,너무 감정에만 호소하지 않으면서도 감동적이었어요 배우들 명품 연기는 말할것도 없고...오랜만에  영화보고 행복했습니다~~,10,1
891,살짝 과장이  있어서  ㅡ 하지만  액션 감정  촬영 모두 훌륭 ㅡ 시덥지않은  베끼기  천만영화들보다 훨씬 좋다  휴먼스토리 조금 추가되었으면 완벽했을듯,9,1
892,그럭저럭...근데 류승완 감독 치고는 좀....너무 기대했었나... 마지막에 그후 사람들이 어떻게됐는지 자막이라도 좀 넣지...내내 극장 못나가고 기다렸건만....,7,1
893,평을 잘쓰면 공짜표 주나요? 다들 호평일색이네,3,0
894,관람평이 너무 좋아 잔뜩 기대하고 봤는데~~ 요즈음 은 알바생들도 성심성의껏 댓글 작성 하는가봅니다 돈 많이 들였겠구나 싶고~~배우들 참 많이 힘들었겠구나 싶습니다~~그래도  이정도 평점은 아닌것같은데~~?? 기대가 너무 컸던것걑습니다,8,1
895,"대단한 주제를 작품성으로 승부하지않고 상업적으로 승부한 감독의 한계, 아니면 감독의 의도(?) ㅋㅋ 마지막 10분이 없었다면 5~6점 정도",7,1
896,빨리 보고싶어요,10,1
897,무엇보다 마지막 장면에 눈물이 났습니다.,10,1
898,괜찮아요. 전작에 비해서 훨씬 낫네요,8,1
899,참 잘만든 영화네요 시간 가는줄 모르고 봤네요 좋은 영화 만드느라 고생들 하셨어요~~^^,10,1
900,코로나만 아니였으면 천만각이다,10,1
901,신파가 아니라는데 눈물이 나더라고...,10,1
902,우리배우들도 그렇고 흑인배우들 연기 정말 잘하심,10,1
903,너무나 잘 만든 영화였습니다  시간가는줄모르고 재밌게 잘 봤습니다,10,1
904,우리나라도 이제  스케일 큰 영화도 잘 만드는구나 생각했습니다 감독님을 칭찬하고 싶네요,10,1
905,"김윤석 정말 연기 잘하네요, 구교환도 반도에서 보고 넘 좋았는데 여기서도 좋았어요. 애들도 좋았다 하고, 정말 오랫만에 나무랄데없는 한국영화나왔네요.",9,1
906,높은 평점에 넘 기대했나봐여 한국수준으로는 대체적으로 만족하지만 보면서 계속 더 기대하는게 있어서 그런지 갠적으로 다소 아쉽네요 인성 팬인데 역시 이번 영화에도 마니 아쉽네여 차기작을 기대할께요,8,1
907,"영화 좀 본 척, 글 깨나 쓰는 척 하며 지엽적 꼬투리로 그저 뭐라도 까보기에 여념없는 찌질한 자들은 뒤로하고 그냥 한 번 편하게 보시길 권해요.. 이런 영화 흔치 않구요, 신파 아닙니다. 다만 남북 유엔 동시가입 스토리도 실사와 함께 영화 엔딩롤에 곁들여 설명해주면 좋았겠다 싶습니다. 군함도 이후 류승완감독을 좀 갸웃하며 지켜봤었는데 모가디슈로 모든 걸 덮는 듯. 올 해 남북 유엔가입 삽십주년던데 각국의 소회는 다르겠으나 ""우리가 남이가""란 말이 영화상영내내 떠오르더군요. 잘 만든 영홥니다.",10,1
908,류승완의 화려한 귀환. 영화음악이 전혀 생각나지 않다. 다시 말하면 그 정도로 긴박한 상황과 액션이 스크린을 꽉 채우고도 남을만하다. 재미있고 한국영화의 단점으로 지적된 억지 쥐어짜기도 전혀 없고 담담한 연출이 더 먹먹한 감동을 자아낸다. 간만에 제대로 된 한국영화 잘 봤습니다. 주조연 모두 연기 쩔었다.,10,1
909,깻잎 장면에서 울컥했네요~ 1위라고 해서 찾아가서 봤는데 그낭 좋았습니다. 결말이 아쉽단 글도 봤는데 최선의 결말이었다고 생각합니다! 좋은 영화 감사합니다.,10,1
910,극장에서 선보이길 바랐다는 류승완 감독님의 선택에 감사드려요. 극장에서 재미있게 잘 봤습니다. 처음에는 감독 생각 안하고 주연들 믿고 봤는데 역시 류승완 감독님 작품이더구요. 위험한 상황속에서 나라면 어떤 결정을 할지 고민하며 바라보니 몰입 되었습니다. 내전을 바라보는 아이들의 눈빛이 참 안쓰럽고 짠했습니다.,8,1
911,영화가  나ㆍ조ㆍ인ㆍ성ㆍ이ㆍ다ㆍ라고 외치는듯 우리도  한ㆍ번ㆍ쯩ㆍ은  류ㆍ승ㆍ완처럼 조ㆍ인ㆍ성처럼 !!!!!,9,1
912,너무너무너무너무너무 재미있게 보았어요. 마지막 추격씬에서는 얼마나 손을 꼭 쥐었나 모르겠네요. 극본 짜임새 좋았고 전개 빨랐지만 이해 잘 되었고 해외올로케인데 내전 상황 아주 리얼해서 상황에 몰입해서 볼거리도 많았어요. 연기는 두말할거 없이 잘하더라구요. 끝나고나서 감독 류승완 보이는데 와 류승완 천재네 생각 절로 들었어요. 또 보고 싶네요.,10,1
913,내전을 보면서 5.18 이 생각났고 우익으로 오해받는다는 대사에서 아직도 좌파 우파 따지는  상황이 생겨났고 이 영화의 카타르시스 비행기안 내리기 직전 이별신 이후 가볍게 삽입한 씬에서 차라리 웃겨버렸으면 어땠을ㄲㅏ 마동서 까메오 출연으로,9,1
914,꼭 꼭 !! 보세요!!! 근데  포스터 왜 저렇게 한고에요ㅠㅠㅠ,10,1
915,대에박~~ 헐리웃영화못지않음 스케일크고 새로운소재 신파없이~~ 허준호 눈빛연기... 짱 조인성 멋쪄요 김윤석 딱 그역활.. 강추 합니다. 우린 정말 좋은나라에 사는구나...,10,1
916,나름 의미와 재미기 있었음 원래는 8점인데  흑인 배우들 연기 좋아 1점 더줌,9,1
917,보는내내 긴장감과  재미  글구 감동.눈물 오감으로 감동받은 영화입니다. 강추합니다.,10,1
918,재밌고 뭉클하기도 아쉽기도 합니다. 구교환 멋짐. 조인성 당근 멋짐 . 다 연기잘함.,10,1
919,재밌어여. 강추해여.,10,1
920,묵직한 울림을 주는 영화.. 류승완은 역시ㅎㅎ,10,1
921,소리가 실감나게 들림ㅋㅋㅋ 짱 재미있어요!,10,1
922,연기도 너무 좋았는데 영상미나 연출이 너무 좋은거 같아요!!,10,1
923,잘 봤어요 배우 연기가 돋보이네요,10,1
924,천만 영화 갈 수 있는 영화 재미 감동 구성   모두 최고!,10,1
925,코로나땜에 극장도 못가다가 오랜만에 극장 가서 모가디슈 봤습니다.  그렇게 기대는 안했지만 보고난 후엔 진짜 재밌었어요.  개봉 첫날에 보길 잘했네요. ㅋ 간만에 재밌는 영화 보고 갑니다.,10,1
926,믿고보는 류승완 감독님ㅎㅎㅎ,10,1
927,너무 재밌게봤음 억지 눈물짜기 감동 그런거없어서 너무 좋음  또 좌빨 드립하면서  평점테러하러오는 일베벌레들 몰려오겠네 ㅋ,10,1
928,"감동실화, 실감나게 잘  만들어진, 배우님들 모두 빛이 난 영화, 잘 봤습니다, 감사합니다,",10,1
929,"배우들 연기도 좋고, 영화관서 보는 게 딱인 영화입니다.",10,1
930,긴장감 넘치고 재미와 감동도 있는ㅎㅎ,10,1
931,강력추천합니다,10,1
932,아직 안 봤는데 그냥 10점 줄래요!,10,1
933,너무재밌게봤어요,10,1
934,연기톤부터 유머까지 굿!!,10,1
935,기대됩니다,10,1
936,"너무 기대되는 작품입니다..류승완 감독님과 조인성, 김윤석의 조합!!  빨리 개봉날이 오기를요~~",10,1
937,직접 극장 가서 보겠어요. 재미있겠네요~,10,1
938,내 꼭 보러간다 왜 조인성나오니까,10,1
939,생생한 현장감이 더욱 가중시키는 내전과 분단의 비극. 모처럼 참 잘만든 한국영화.,9,1
940,엄마랑 언니랑 남동생이랑 너무 재미있고 감동적이었어요 분단과 내전에 대해서도 생각해 보는 뜻깊은 영화였어요^^,9,1
941,재밋고 짠한영화네요.. 믿고보는 류승완영화👍 조인성짱♥,10,1
942,촬영환경 어려웠을텐데 연출력이 무지 돋보이네요. 좋은 영화 입니다.  꼭 보시길. 좋다.,10,1
943,전쟁영화는 아니지만 한국판 블랙호크다운,9,1
944,오랫만에 좋은 영화,10,1
945,정말 찐이네요.  이런 영화 만들어줘서 감사!  영화선택한  나에게도 강사!  후회안하실듯~~,10,1
946,가족모두 봤어요ㅜ 티슈를 못챙겨서 옷으로 눈물 닦고  집에와서는 열심히 가족끼리 토론을 했답니다 강추 합니다,10,1
947,최고! 류감독님 최고! 배우들최고!   다시금 생각해보게되는영화입니다. 감사합니다.,10,1
948,"스토리며 연기력, 몰입력 최고. 간만에 집중해서 봤습니다",10,1
949,엄청난 액션이 없어도 재밌네요,10,1
950,오랜만에 좋은 영화 봅니다,8,1
951,연기 최고!! 몰입할 수 있는 담백한 영화,10,1
952,진짜 꿀잼 … 한국 영화 퀄 짱입니다용,10,1
953,류감독 작품은 뭔가 아마추어 같고 어색한데 이건 프로같더만,6,1
954,"오늘봤는데 전쟁영화 현장감 느꺼지던데, 다큐인지 영화안지? 베를린에서 확장된 듯한 느낌 들었음.",8,1
955,오늘보고왔어요 난 왜 영화관에서만 보면  왜캐 졸지ㅠㅠㅠㅠ 재밌게 봤습니다ㅋㅋ,10,1
956,한민족보다 이태리가 더 고맙다,8,1
957,잘 만든 영화이지만 기대만큼 재미적인 요소는 덜함,7,1
958,"기대가 많이 되는 데요.  설마 이번에도 북한 요원은 대범하고, 판단도 빠르고, 싸움도 잘하고,  남한 요원은 소심하고, 우유부단하고, 어리버리한 그런 설정은 아니길 바랍니다.",9,1
959,아주 재미있네요.,10,1
960,영화는 이런 것이다를 보여준 최고의 수작! 특히 배우들에게  찬사를 보낸다~~ 더 특히 감독에게  찬사를 !,10,1
961,총알이 빗발치는데 무사 귀환. 실화냐?,3,0
962,평점이 좋길래 봤는데....먼가 허전한 기분. 연출도 좋고 스케일도 큼. 조인성 연기는 먼가 어색. 오히려 흑인들 연기가 더 자연스러움. 허준호는 카리스마에 비해 비중이 너무 없는 대사역. So so...,6,1
963,블랙호크다운이라는  영화가 있다 모그디슈에서 발생한 일이다 엄청난 총을 쏴댄다 그것만 기억난다  이번에 만든 모가디슈는 총싸움보다는 사람의 표정들이 기억난다  정말 한국사람이라면 한번쯤 보셨으면 하는 추천영화다  물론 또 빨갱이 타령하는 애덜 분명히 나오겠지만…,10,1
964,이영화 절대강추 이다  스토리는 단순 심플해서 이야기전개도 쉽고 단조롭고 뻔할수 있다 초반부 더욱 그랬다  결국 엔딩결말이 얼마나 드라마틱하게 극적으로 무사하게 안전하게 탈출에 성공했어 못했어 이거 아니겠는가  연출도 초반부는 아휴 이건 류승완감독 같지가 않은데 감을 잃었나 실망도 했다  하지만 어떻게?? 탈출?? 문제해결구조를 조인성+김윤석+허준호 등이 이 식상하고 뻔한 내러티브를 아주 멱살잡고 끌고간다  덕분에 후반부 스릴만점 정말로 인터레스팅 진짜로 흥미진진하고 심지어는 긴장감백배 손에 땀이 날 정도로 빠져들고 몰입감을 준다  잘알다시피 북한사람도 일본말이나 중국말을 하지않고 우리민족 똑같은 말을 한다  똑같은 우리민족 김치도 먹고 냉면도 먹고  비빔밥도 먹고 깻잎?도 먹고,10,1
965,CGV VIP 시사회 갔다왔음...영화 대박임...이거 코로나만 아니면 천만짜리임....결코 후회안함.,8,1
966,30만일때 봤는데 그새 많이들 보셨네.,10,1
967,노잼,1,0
968,보고나니 그저그런 영화.   그런데 다음에서 평점높은 이유가 있었구만.,1,0
969,어휴~,1,0
970,으악,1,0
971,"솔직히 지루하다 밑에 대단하다 깔끔하다  가장재밌다 이건 다 오버임,,배우조합은 좋으나 실화라 그런지 매우 지루하고 전개에 박진감과 긴장감을 넣으려고 총격씬과 차량추격씬을 넣었으나 그것도 짧은 관계로 시선을 그리 오래 붙잡지 못함.다큐에 배우들의 연기가 더해진 영화입니다 단지 분단국가의 가슴아픔은 나올때 많은 여운으로 남었습니다,.조인성  아직도 화날때 내뱉는 단어들이 비열한 거리에서 했던 대사 같이 들려서 연기력은 아쉽습니다",5,0
972,끝에 30분만 볼만했슴요 전반~중간까지 별로...,5,0
973,"연기 좋고 액션 좋고 다 평균 이상인데, 헐 ...서사가 거의 없네",6,1
974,쓰잘대기없는 신파  억지  설정 없는 직진  명품영화,9,1
975,막판에 울컥 + 여운 ㅜㅜ 내나이 곧 오십이라 그런듯... 젊은 세대는 그런 감정 이해하기 어려울듯..,9,1
976,정말 로드탈출씬 장난아니다. 헬기만 나왔으면 블랙호크다운 수준.  조인성 연기력 쩔고 ㅠ 대한민국 발전 많이했네 영화도 외교도 ㅠㅠ,10,1
977,음.. 강철비 연장선상으로 봐도 될듯. 냉철한 사실성과 위트를기대했는데 류승완감독님 전작들에 비해 생각보다 감상적이네요. 정겹긴 하지만  요즘 시국과 너무 동떨어져 답답했습니다.,6,1
978,그렇게 재미있지도 않고 그렇다고  재미없지도 않고 그냥 볼 만 했네요 마지막에 여운이 느껴지긴 함,7,1
979,조인성 믿고 보는 배우! 화이팅,10,1
980,단순 액션 영화로는 손색이 없지만 비슷한 류의  벤 어플렉의 아르고와 비교해 보자면  실화  인데도 불구 하고 고증은 없고 액션만 있다는게  아쉽내요,8,1
981,고생많으셨습니다,10,1
982,코로나 이후 처음 영화관 가서 본 영화~~ 최고였어요. 시간가는 줄 모르고 집중했네요. 후회 안할 영화~~,10,1
983,"처음부터 끝까지 텐션 유지~ 완전 재밌고, 감동도 있네요~ 잘 봤습니다",9,1
984,리클라이너관에서 봤습니다!  총격씬에서 무자비하게 쏘더라구요....ㅋㅋㅋ 보는 내내 귀막으면서 봤는데 시간가는 줄 모르고 봤습니다! 심장이 아팠어요... 누워서 보는데도 발쭈뼛 ... 저도 모르게 긴장하면서 봐서 그런가 추웠다요😵‍💫,8,1
985,끝내주는 연출입니다 꼭 극장에서 보세요,10,1
986,"배우님들 연기도 좋았고, 내전 상황을 어떻게 저렇게 잘 표현했나~ 긴장감과 몰입도도 좋았습니다. 과하지 않은 연기와 일부러 눈물을 빼지 않는 류승완 감독의 연출이 만나서 시너지가 있었던 영화^^",10,1
987,"남북평화정착, 경제공동체,평화통일 고토수복 .......... 갈 길이 멀 뿐,  반드시 가야 하겠다는 다짐을 하게 만든 영화  모든 수고해 주신 감독님과 배우.스탭분들 감사합니다.",10,1
988,"처믐 댓글 답니다!  꼭 보세요!  김윤석,허준호.조인성 연가 갑~!",10,1
989,"김윤석,조인성 연기력 좋고  훌륭하지만  허준호의 카리스마가 제일 인상깊다 허준호는 나이가 들면서  엄청난 내공이 붙었네요",9,1
990,최고의 영화였습니다 코로나로 천만이 안되는것이 정말 아쉽네요,10,1
991,재밌게 봤어요.우리 나라엔 연기 잘하는 배우들이 많아서 너무 좋음.,9,1
992,오늘 시간가는줄 모르고 잘보고왔습니다.  뭔가 뭉클하네요.,8,1
993,"허준호, 김윤석, 조인성의 연기는 다 좋았으나 스토리가 탄탄하다는 느낌은 들지 않았네요. 그냥  So So 한 영화라는 개인적 느낌입니다.",7,1
994,댓글 알바 풀었냐??,1,0
995,좇노잼,1,0
996,평점이 높네 ㅠ 오늘 봤는데 영화로 만들꺼면 좀 내용있게 하지 별로네요,1,0
997,솔직히 벤츠랑 비엠이랑 탱크도 아니고 방탄타이어를 달았는지 소총에 기관총세례를 당해도 계속 달린다 내용은 별로고 차달리고 총솨대는 화면밖에 없는거 같다 크루엘라보고 뭔가 뿌듯했던 가슴이 모가디슈보고 답답해졌다,4,0
998,갈등구조 없는 나이브한  극전개와 낳설은 소말리아 내전상황이  버겁다,8,1
999,조인성아.. 담배좀 고만 피워라. 아주 줄담배 골초네. 입에서 재떨이 냄새나겠다.,10,1
1000,총격 탈출 씬은 해도 해도 너무했다 먼차가  총알 수천발을 맞아도 퍼지지도않고 한사람도  안죽냐..,3,0
1001,감독이 ...  어떻게 이렇게 찍을 수 있나? 제작비가 아깝다. 시나리오를 떠나서라도 적어도 현실성은 있게 찍어야지 돈 .시간  다 아깝다,2,0
1002,항상 느끼는거지만 조인성의 한없이 가벼운 연기지망생같은 목소리톤은 아쉽다.. 류승완감독도 이젠 남북이슈에서 벗어나서 좀 다른 장르에 도전해 볼생각 없나...,2,0
1003,5점정도 되는데 알바들이 조작한 평점 바로잡기 B급감독의  킬링타임용 B급 무비,1,0
1004,"상승세 호황에 통하는 스타일 영화를 왜 이 시기 제작했는지 의문. 넷플릭스가 철저히 데이타를 분석해 그걸 기반으로 제작해 히트치듯 이젠 분석이 필수인 시대 아닌가? 코로나는 예측 불가능이라 그렇다쳐도 그 전 시장 상태만 봐도 시장 상승그래프로는 베트남 빼고는 먹히기 어려운 상황이고, 내용상으로는 베트남에 안통할 스타일이고...국내 상황에선 통하지않을 스타일인데 왜 제작했는지가 의문. 치열해진 시장에선 철저한 데이터 분석으로 고객니즈 정곡을 찔러 그 니즈분야에 탁월한 컨텐츠를 깔아야만 승부가 난다. 컨텐츠가 탁월해도 판을 잘못깔면 반응이 없다. TPO가 얼매나 중요한데... 나로서는 왜 만들었는지 이해가 어렵다. 독립영화면 이해,근데 이건 상업영화면 이 시기에? 별점은 걍 10점 준다. 만드는건 자유니까",10,1
1005,바이럴로 흥하려는 영화는 뭐다? 인터넷 바이럴 작작 처 해라.,1,0
1006,기대보다  실망 50대인  나도  이제는  한국식  신파가  싫증나려하는데 이제  그만  빼자,6,1
1007,뭔가 부족한 느낌.. 마지막에 분단의 아픔을 엮어서 마무리 짓은 것도 조금 이상하구..,4,0
1008,유치함. 겉멋만 잔뜩. 내가 한국영화를 안 보는 이유.,1,0
1009,뭐가  감동저기고  뭐가 재이 있는지  별점  조작 하는거  같다  특히 4d  우조건  의자  흔들면  되는거냐  돈아까운 영화,3,0
1010,글쎄....지루하진 않지만 흥미진진하지는 않다 약간 어수선하기도 하고 큰 감동도 없음 서로 못잡아먹어 안달이다 딱 하루 같이 자고 탈출하는건데 먼 정이 그리 들었을까 싶다,6,1
1011,"중간에 나올뻔,,,,,ㅠㅠ",1,0
1012,.,1,0
1013,지루하고 총알은겁나게 날라다니는데 죽는사람도 차도 무슨장갑차인줄,5,0
1014,한국영화 극장에서 안 봄,1,0
1015,평점보고봤는데 지루함에 극치다 영화관계자들이 만들어낸  평점이 아닐까싶다,1,0
1016,영화 성의가 너무 없었어요 부분별 분명히 영화의 설명이 없었어요 정치외교영화인데  유엔가입하는 외교전 인데 그런건 전혀 없습니다  조인성 때문에 믿고  만2천원 주고 봤는데 영화 더킹 검사하고 모가디슈 감사하고 비열한 거리하고 케릭터가 너무 비슷합니다 ㅋ 최악이네요......우와 영화값 만2천이네 🤩🥵😱😤,2,0
1017,재미없어요.제대로 낚였습니다.총소리만 주구장창 잘 듣고 옵니다.,2,0
1018,왠만하면 평점 안남기는데 진짜 노잼.. ♬♩가 만든 빨갱영화 개연성도 없음. 민폐만 끼친 북한놈들이랑 반나절있다 헤어지는데 왜 아쉬워하지? 코로나라 개봉작이 적어서 상대적으로 이익보는듯,4,0
1019,"매달 마지막 주 수요일은 ""문화가 있는 날""입니다. 영화 5천 원이나 5천 포인트에 볼 수 있어요. 돈이나 포인트 버리지 마세요. 착취 노! 슈킹 그만! 멈춰! ;-)",1,0
1020,"류승환 자체가 너머 연출력이 떨어진다, 유명연기자 이름빨",1,0
1021,좌익좌파들은 또 조아라하겠네.이딴게 재밋는지.북괴는 반드시 섬멸하고 김일성 김정일 김정은 세마리다 부관참시.,1,0
1022,40대 좌빨대학생이 출연한 그 영화입니까??,2,0
1023,정만식씨덕에 영화 하나 거릅니다^^,1,0
1024,진부하고 재미없음... 평점 알바 지리다 정말,2,0
1025,후,1,0
1026,"이영화는 7점내외가 맞는데 너무 높은거같아 낮추기위해 1점준다 신파가 없는건 장점이다  영화가 흡입력이 너무 없다 끝나가도 감흥이 없다 끝났나보다함 ,,,,",1,0
1027,"이게 200억이야?? 시리즈 요약본?? 이런 배우와 스텝을 구성으로 이렇게 찍었다는게 진기명기다... 시리즈로 잘 풀어나갔다면 더 좋았을텐데... 평일에도 사람 많던데, 다들 얼굴에 실망 가득... 류승완 감독 진짜 애정했는데, 이젠 놓아드려야 겠네...ㅠㅠ",1,0
1028,저,1,0
1029,역시 보길잘했씀.  @  소문만. 무성한. 재미는개뿔 지루하게  졸다나옴  ㅡ. 시간. 돈. 괜히 투자함   낼은 sos보고. 평가하게씀.,2,0
1030,북한과의 에매한 우정을 그린  감독 자아실현하는 영화 그냥 티비에서 나오면 보는 영화,6,1
1031,정만식 페미버팔로,1,0
1032,평점이 너무 높네. 7점이 적당,1,0
1033,정만어찌구 나오는 쓰래기 영화,1,0
1034,류승완은 군함도 때부터  걸렀어야 했다.  빈약한 스토리와 상상력이 결여된 연출력  국뽕과  심파로 버무리고 연기잘하는 배우들로   무장했으나  그장면이 그장면인 연출임.  개인적으로 김윤석 배우  김소진 배우만 소모된듯한  그런 영화임  류승완은 이제 감독 그만했으면함  아~~~무리 봐도  스토리 연출 뭐하나 돋보이는게   없음   그냥 예전의 B급 액션이나~  부당거래  까지만  괜찮았음,1,0
1035,믿고 거르는 남페미 정만식이 ㅋ 페미코인 빨다가 나락으로 ㅋ,2,0
1036,정만식이 주소까,1,0
1037,소말리아 내전중에 남북 브로맨스? 군함도에서 일본인 브로맨스 영화나 만들지 그래?,1,0
1038,스윗한남,1,0
